route_id,route_short_name,route_label,route_long_name,day_type,category,count,percentage,total_observations
1,1,1,Light Rail (Gungahlin to Alinga Street),weekday,Excellent (±1min),16604,95.4,17404
1,1,1,Light Rail (Gungahlin to Alinga Street),weekday,Fair (3-6min),20,0.1,17404
1,1,1,Light Rail (Gungahlin to Alinga Street),weekday,Good (1-3min),780,4.5,17404
1,1,1,Light Rail (Gungahlin to Alinga Street),weekday,Poor (6-9min),0,0.0,17404
1,1,1,Light Rail (Gungahlin to Alinga Street),weekday,Very Poor (10+min),0,0.0,17404
2,2,2,Fraser to Fyshwick via Belconnen & City,weekday,Excellent (±1min),9650,26.2,36828
2,2,2,Fraser to Fyshwick via Belconnen & City,weekday,Fair (3-6min),8847,24.0,36828
2,2,2,Fraser to Fyshwick via Belconnen & City,weekday,Good (1-3min),9929,27.0,36828
2,2,2,Fraser to Fyshwick via Belconnen & City,weekday,Poor (6-9min),4200,11.4,36828
2,2,2,Fraser to Fyshwick via Belconnen & City,weekday,Very Poor (10+min),4202,11.4,36828
3,3,3,Spence to CBR Airport via City & Brindabella Park,weekday,Excellent (±1min),8332,41.0,20304
3,3,3,Spence to CBR Airport via City & Brindabella Park,weekday,Fair (3-6min),4284,21.1,20304
3,3,3,Spence to CBR Airport via City & Brindabella Park,weekday,Good (1-3min),7104,35.0,20304
3,3,3,Spence to CBR Airport via City & Brindabella Park,weekday,Poor (6-9min),552,2.7,20304
3,3,3,Spence to CBR Airport via City & Brindabella Park,weekday,Very Poor (10+min),32,0.2,20304
4,4,4,Belconnen to Tuggeranong via City & Woden,weekday,Excellent (±1min),2463,11.5,21464
4,4,4,Belconnen to Tuggeranong via City & Woden,weekday,Fair (3-6min),5208,24.3,21464
4,4,4,Belconnen to Tuggeranong via City & Woden,weekday,Good (1-3min),3311,15.4,21464
4,4,4,Belconnen to Tuggeranong via City & Woden,weekday,Poor (6-9min),5585,26.0,21464
4,4,4,Belconnen to Tuggeranong via City & Woden,weekday,Very Poor (10+min),4897,22.8,21464
5,5,5,Lanyon to City ANU via Erindale & Woden,weekday,Excellent (±1min),3275,24.9,13175
5,5,5,Lanyon to City ANU via Erindale & Woden,weekday,Fair (3-6min),2996,22.7,13175
5,5,5,Lanyon to City ANU via Erindale & Woden,weekday,Good (1-3min),3118,23.7,13175
5,5,5,Lanyon to City ANU via Erindale & Woden,weekday,Poor (6-9min),2809,21.3,13175
5,5,5,Lanyon to City ANU via Erindale & Woden,weekday,Very Poor (10+min),977,7.4,13175
6,6,6,Woden to City ANU via Kingston,weekday,Excellent (±1min),2724,32.0,8510
6,6,6,Woden to City ANU via Kingston,weekday,Fair (3-6min),1607,18.9,8510
6,6,6,Woden to City ANU via Kingston,weekday,Good (1-3min),3438,40.4,8510
6,6,6,Woden to City ANU via Kingston,weekday,Poor (6-9min),491,5.8,8510
6,6,6,Woden to City ANU via Kingston,weekday,Very Poor (10+min),250,2.9,8510
7,7,7,Duffy to City ANU via Cooleman Court,weekday,Excellent (±1min),1070,31.8,3362
7,7,7,Duffy to City ANU via Cooleman Court,weekday,Fair (3-6min),850,25.3,3362
7,7,7,Duffy to City ANU via Cooleman Court,weekday,Good (1-3min),1369,40.7,3362
7,7,7,Duffy to City ANU via Cooleman Court,weekday,Poor (6-9min),50,1.5,3362
7,7,7,Duffy to City ANU via Cooleman Court,weekday,Very Poor (10+min),23,0.7,3362
8,8,8,Gunghalin to Belconnen,weekday,Excellent (±1min),804,35.0,2297
8,8,8,Gunghalin to Belconnen,weekday,Fair (3-6min),309,13.5,2297
8,8,8,Gunghalin to Belconnen,weekday,Good (1-3min),1031,44.9,2297
8,8,8,Gunghalin to Belconnen,weekday,Poor (6-9min),94,4.1,2297
8,8,8,Gunghalin to Belconnen,weekday,Very Poor (10+min),59,2.6,2297
9,9,9,Belconnen to Watson via Bruce & Dickson,weekday,Excellent (±1min),4306,62.1,6930
9,9,9,Belconnen to Watson via Bruce & Dickson,weekday,Fair (3-6min),699,10.1,6930
9,9,9,Belconnen to Watson via Bruce & Dickson,weekday,Good (1-3min),1880,27.1,6930
9,9,9,Belconnen to Watson via Bruce & Dickson,weekday,Poor (6-9min),42,0.6,6930
9,9,9,Belconnen to Watson via Bruce & Dickson,weekday,Very Poor (10+min),3,0.0,6930
10,10,10,Denman Prospect to City ANU,weekday,Excellent (±1min),1292,28.3,4571
10,10,10,Denman Prospect to City ANU,weekday,Fair (3-6min),1477,32.3,4571
10,10,10,Denman Prospect to City ANU,weekday,Good (1-3min),1509,33.0,4571
10,10,10,Denman Prospect to City ANU,weekday,Poor (6-9min),254,5.6,4571
10,10,10,Denman Prospect to City ANU,weekday,Very Poor (10+min),39,0.9,4571
18,18,18,Gungahlin to Dickson via Franklin & Mitchell,weekday,Excellent (±1min),276,18.0,1532
18,18,18,Gungahlin to Dickson via Franklin & Mitchell,weekday,Fair (3-6min),448,29.2,1532
18,18,18,Gungahlin to Dickson via Franklin & Mitchell,weekday,Good (1-3min),480,31.3,1532
18,18,18,Gungahlin to Dickson via Franklin & Mitchell,weekday,Poor (6-9min),198,12.9,1532
18,18,18,Gungahlin to Dickson via Franklin & Mitchell,weekday,Very Poor (10+min),130,8.5,1532
19,19,19,Bonner Loop via Forde & Amaroo,weekday,Excellent (±1min),334,22.4,1494
19,19,19,Bonner Loop via Forde & Amaroo,weekday,Fair (3-6min),476,31.9,1494
19,19,19,Bonner Loop via Forde & Amaroo,weekday,Good (1-3min),392,26.2,1494
19,19,19,Bonner Loop via Forde & Amaroo,weekday,Poor (6-9min),185,12.4,1494
19,19,19,Bonner Loop via Forde & Amaroo,weekday,Very Poor (10+min),107,7.2,1494
20,20,20,Bonner Loop via Amaroo & Forde,weekday,Excellent (±1min),166,12.2,1362
20,20,20,Bonner Loop via Amaroo & Forde,weekday,Fair (3-6min),464,34.1,1362
20,20,20,Bonner Loop via Amaroo & Forde,weekday,Good (1-3min),354,26.0,1362
20,20,20,Bonner Loop via Amaroo & Forde,weekday,Poor (6-9min),63,4.6,1362
20,20,20,Bonner Loop via Amaroo & Forde,weekday,Very Poor (10+min),315,23.1,1362
21,21,21,Throsby Loop via Palmerston & Harrison,weekday,Excellent (±1min),305,22.8,1335
21,21,21,Throsby Loop via Palmerston & Harrison,weekday,Fair (3-6min),374,28.0,1335
21,21,21,Throsby Loop via Palmerston & Harrison,weekday,Good (1-3min),430,32.2,1335
21,21,21,Throsby Loop via Palmerston & Harrison,weekday,Poor (6-9min),208,15.6,1335
21,21,21,Throsby Loop via Palmerston & Harrison,weekday,Very Poor (10+min),18,1.3,1335
22,22,22,Throsby Loop via Harrison & Palmerston,weekday,Excellent (±1min),248,15.7,1577
22,22,22,Throsby Loop via Harrison & Palmerston,weekday,Fair (3-6min),454,28.8,1577
22,22,22,Throsby Loop via Harrison & Palmerston,weekday,Good (1-3min),273,17.3,1577
22,22,22,Throsby Loop via Harrison & Palmerston,weekday,Poor (6-9min),382,24.2,1577
22,22,22,Throsby Loop via Harrison & Palmerston,weekday,Very Poor (10+min),220,14.0,1577
23,23,23,Gungahlin to Belconnen via Crace & Giralang,weekday,Excellent (±1min),1157,25.5,4530
23,23,23,Gungahlin to Belconnen via Crace & Giralang,weekday,Fair (3-6min),1331,29.4,4530
23,23,23,Gungahlin to Belconnen via Crace & Giralang,weekday,Good (1-3min),1803,39.8,4530
23,23,23,Gungahlin to Belconnen via Crace & Giralang,weekday,Poor (6-9min),232,5.1,4530
23,23,23,Gungahlin to Belconnen via Crace & Giralang,weekday,Very Poor (10+min),7,0.2,4530
24,24,24,Gungahlin to Belconnen via Nicholls & McKellar,weekday,Excellent (±1min),1387,24.0,5777
24,24,24,Gungahlin to Belconnen via Nicholls & McKellar,weekday,Fair (3-6min),1434,24.8,5777
24,24,24,Gungahlin to Belconnen via Nicholls & McKellar,weekday,Good (1-3min),2618,45.3,5777
24,24,24,Gungahlin to Belconnen via Nicholls & McKellar,weekday,Poor (6-9min),278,4.8,5777
24,24,24,Gungahlin to Belconnen via Nicholls & McKellar,weekday,Very Poor (10+min),60,1.0,5777
25,25,25,Taylor Loop via Amaroo & Moncrieff,weekday,Excellent (±1min),484,35.5,1362
25,25,25,Taylor Loop via Amaroo & Moncrieff,weekday,Fair (3-6min),351,25.8,1362
25,25,25,Taylor Loop via Amaroo & Moncrieff,weekday,Good (1-3min),521,38.3,1362
25,25,25,Taylor Loop via Amaroo & Moncrieff,weekday,Poor (6-9min),6,0.4,1362
25,25,25,Taylor Loop via Amaroo & Moncrieff,weekday,Very Poor (10+min),0,0.0,1362
26,26,26,Taylor Loop via Moncrieff & Amaroo,weekday,Excellent (±1min),562,20.7,2709
26,26,26,Taylor Loop via Moncrieff & Amaroo,weekday,Fair (3-6min),673,24.8,2709
26,26,26,Taylor Loop via Moncrieff & Amaroo,weekday,Good (1-3min),1465,54.1,2709
26,26,26,Taylor Loop via Moncrieff & Amaroo,weekday,Poor (6-9min),9,0.3,2709
26,26,26,Taylor Loop via Moncrieff & Amaroo,weekday,Very Poor (10+min),0,0.0,2709
27,27,27,Casey to Gungahlin via Ngunnawal & Moncrieff,weekday,Excellent (±1min),489,26.8,1825
27,27,27,Casey to Gungahlin via Ngunnawal & Moncrieff,weekday,Fair (3-6min),587,32.2,1825
27,27,27,Casey to Gungahlin via Ngunnawal & Moncrieff,weekday,Good (1-3min),650,35.6,1825
27,27,27,Casey to Gungahlin via Ngunnawal & Moncrieff,weekday,Poor (6-9min),93,5.1,1825
27,27,27,Casey to Gungahlin via Ngunnawal & Moncrieff,weekday,Very Poor (10+min),6,0.3,1825
28,28,28,Casey to Gungahlin via Ngunnawal,weekday,Excellent (±1min),551,34.0,1619
28,28,28,Casey to Gungahlin via Ngunnawal,weekday,Fair (3-6min),368,22.7,1619
28,28,28,Casey to Gungahlin via Ngunnawal,weekday,Good (1-3min),641,39.6,1619
28,28,28,Casey to Gungahlin via Ngunnawal,weekday,Poor (6-9min),49,3.0,1619
28,28,28,Casey to Gungahlin via Ngunnawal,weekday,Very Poor (10+min),10,0.6,1619
30,30,30,Belconnen to Dickson via Giralang & Kaleen North,weekday,Excellent (±1min),2190,41.9,5225
30,30,30,Belconnen to Dickson via Giralang & Kaleen North,weekday,Fair (3-6min),1003,19.2,5225
30,30,30,Belconnen to Dickson via Giralang & Kaleen North,weekday,Good (1-3min),1941,37.1,5225
30,30,30,Belconnen to Dickson via Giralang & Kaleen North,weekday,Poor (6-9min),89,1.7,5225
30,30,30,Belconnen to Dickson via Giralang & Kaleen North,weekday,Very Poor (10+min),2,0.0,5225
31,31,31,Belconnen to City via Kaleen South & Dickson,weekday,Excellent (±1min),1283,20.5,6266
31,31,31,Belconnen to City via Kaleen South & Dickson,weekday,Fair (3-6min),2557,40.8,6266
31,31,31,Belconnen to City via Kaleen South & Dickson,weekday,Good (1-3min),1912,30.5,6266
31,31,31,Belconnen to City via Kaleen South & Dickson,weekday,Poor (6-9min),491,7.8,6266
31,31,31,Belconnen to City via Kaleen South & Dickson,weekday,Very Poor (10+min),23,0.4,6266
32,32,32,Belconnen to City via Jamison & Aranda,weekday,Excellent (±1min),2192,47.4,4624
32,32,32,Belconnen to City via Jamison & Aranda,weekday,Fair (3-6min),521,11.3,4624
32,32,32,Belconnen to City via Jamison & Aranda,weekday,Good (1-3min),1824,39.4,4624
32,32,32,Belconnen to City via Jamison & Aranda,weekday,Poor (6-9min),85,1.8,4624
32,32,32,Belconnen to City via Jamison & Aranda,weekday,Very Poor (10+min),2,0.0,4624
40,40,40,Fraser Loop via Kippax & Charnwood,weekday,Excellent (±1min),1251,16.7,7479
40,40,40,Fraser Loop via Kippax & Charnwood,weekday,Fair (3-6min),2894,38.7,7479
40,40,40,Fraser Loop via Kippax & Charnwood,weekday,Good (1-3min),2462,32.9,7479
40,40,40,Fraser Loop via Kippax & Charnwood,weekday,Poor (6-9min),751,10.0,7479
40,40,40,Fraser Loop via Kippax & Charnwood,weekday,Very Poor (10+min),121,1.6,7479
41,41,41,Fraser to Belconnen via Flynn & Melba,weekday,Excellent (±1min),1238,40.2,3076
41,41,41,Fraser to Belconnen via Flynn & Melba,weekday,Fair (3-6min),539,17.5,3076
41,41,41,Fraser to Belconnen via Flynn & Melba,weekday,Good (1-3min),1291,42.0,3076
41,41,41,Fraser to Belconnen via Flynn & Melba,weekday,Poor (6-9min),8,0.3,3076
41,41,41,Fraser to Belconnen via Flynn & Melba,weekday,Very Poor (10+min),0,0.0,3076
42,42,42,Fraser Loop via Charnwood & Kippax,weekday,Excellent (±1min),677,12.7,5343
42,42,42,Fraser Loop via Charnwood & Kippax,weekday,Fair (3-6min),1629,30.5,5343
42,42,42,Fraser Loop via Charnwood & Kippax,weekday,Good (1-3min),1112,20.8,5343
42,42,42,Fraser Loop via Charnwood & Kippax,weekday,Poor (6-9min),1335,25.0,5343
42,42,42,Fraser Loop via Charnwood & Kippax,weekday,Very Poor (10+min),590,11.0,5343
43,43,43,Spence to Belconnen via Evatt & McKellar,weekday,Excellent (±1min),1266,51.1,2479
43,43,43,Spence to Belconnen via Evatt & McKellar,weekday,Fair (3-6min),259,10.4,2479
43,43,43,Spence to Belconnen via Evatt & McKellar,weekday,Good (1-3min),954,38.5,2479
43,43,43,Spence to Belconnen via Evatt & McKellar,weekday,Poor (6-9min),0,0.0,2479
43,43,43,Spence to Belconnen via Evatt & McKellar,weekday,Very Poor (10+min),0,0.0,2479
44,44,44,Kippax to Belconnen via West Macgregor & Higgins,weekday,Excellent (±1min),2081,49.4,4213
44,44,44,Kippax to Belconnen via West Macgregor & Higgins,weekday,Fair (3-6min),521,12.4,4213
44,44,44,Kippax to Belconnen via West Macgregor & Higgins,weekday,Good (1-3min),1611,38.2,4213
44,44,44,Kippax to Belconnen via West Macgregor & Higgins,weekday,Poor (6-9min),0,0.0,4213
44,44,44,Kippax to Belconnen via West Macgregor & Higgins,weekday,Very Poor (10+min),0,0.0,4213
45,45,45,Kippax to Belconnen via Hawker & Weetangera,weekday,Excellent (±1min),1886,59.8,3156
45,45,45,Kippax to Belconnen via Hawker & Weetangera,weekday,Fair (3-6min),82,2.6,3156
45,45,45,Kippax to Belconnen via Hawker & Weetangera,weekday,Good (1-3min),1188,37.6,3156
45,45,45,Kippax to Belconnen via Hawker & Weetangera,weekday,Poor (6-9min),0,0.0,3156
45,45,45,Kippax to Belconnen via Hawker & Weetangera,weekday,Very Poor (10+min),0,0.0,3156
46,46,46,Kippax to Belconnen via Latham & Florey,weekday,Excellent (±1min),766,40.1,1911
46,46,46,Kippax to Belconnen via Latham & Florey,weekday,Fair (3-6min),290,15.2,1911
46,46,46,Kippax to Belconnen via Latham & Florey,weekday,Good (1-3min),801,41.9,1911
46,46,46,Kippax to Belconnen via Latham & Florey,weekday,Poor (6-9min),54,2.8,1911
46,46,46,Kippax to Belconnen via Latham & Florey,weekday,Very Poor (10+min),0,0.0,1911
47,47,47,Whitlam Denman Loop,weekday,Excellent (±1min),693,25.7,2697
47,47,47,Whitlam Denman Loop,weekday,Fair (3-6min),890,33.0,2697
47,47,47,Whitlam Denman Loop,weekday,Good (1-3min),1055,39.1,2697
47,47,47,Whitlam Denman Loop,weekday,Poor (6-9min),59,2.2,2697
47,47,47,Whitlam Denman Loop,weekday,Very Poor (10+min),0,0.0,2697
50,50,50,Watson to City via Dickson & Lyneham,weekday,Excellent (±1min),1157,34.2,3380
50,50,50,Watson to City via Dickson & Lyneham,weekday,Fair (3-6min),920,27.2,3380
50,50,50,Watson to City via Dickson & Lyneham,weekday,Good (1-3min),1264,37.4,3380
50,50,50,Watson to City via Dickson & Lyneham,weekday,Poor (6-9min),39,1.2,3380
50,50,50,Watson to City via Dickson & Lyneham,weekday,Very Poor (10+min),0,0.0,3380
51,51,51,Dickson to City via North Lyneham & O'Connor,weekday,Excellent (±1min),1147,47.3,2424
51,51,51,Dickson to City via North Lyneham & O'Connor,weekday,Fair (3-6min),370,15.3,2424
51,51,51,Dickson to City via North Lyneham & O'Connor,weekday,Good (1-3min),901,37.2,2424
51,51,51,Dickson to City via North Lyneham & O'Connor,weekday,Poor (6-9min),6,0.2,2424
51,51,51,Dickson to City via North Lyneham & O'Connor,weekday,Very Poor (10+min),0,0.0,2424
53,53,53,Dickson to National Museum via Hackett & Ainslie,weekday,Excellent (±1min),1084,30.9,3503
53,53,53,Dickson to National Museum via Hackett & Ainslie,weekday,Fair (3-6min),953,27.2,3503
53,53,53,Dickson to National Museum via Hackett & Ainslie,weekday,Good (1-3min),1395,39.8,3503
53,53,53,Dickson to National Museum via Hackett & Ainslie,weekday,Poor (6-9min),70,2.0,3503
53,53,53,Dickson to National Museum via Hackett & Ainslie,weekday,Very Poor (10+min),1,0.0,3503
54,54,54,Majura Park Loop via Campbell Park,weekday,Excellent (±1min),197,15.0,1317
54,54,54,Majura Park Loop via Campbell Park,weekday,Fair (3-6min),537,40.8,1317
54,54,54,Majura Park Loop via Campbell Park,weekday,Good (1-3min),380,28.9,1317
54,54,54,Majura Park Loop via Campbell Park,weekday,Poor (6-9min),188,14.3,1317
54,54,54,Majura Park Loop via Campbell Park,weekday,Very Poor (10+min),15,1.1,1317
55,55,55,ADFA Loop via Campbell & Reid,weekday,Excellent (±1min),1721,30.7,5598
55,55,55,ADFA Loop via Campbell & Reid,weekday,Fair (3-6min),1240,22.2,5598
55,55,55,ADFA Loop via Campbell & Reid,weekday,Good (1-3min),2558,45.7,5598
55,55,55,ADFA Loop via Campbell & Reid,weekday,Poor (6-9min),79,1.4,5598
55,55,55,ADFA Loop via Campbell & Reid,weekday,Very Poor (10+min),0,0.0,5598
56,56,56,Fyshwick to City via Red Hill & Kingston,weekday,Excellent (±1min),4405,40.9,10763
56,56,56,Fyshwick to City via Red Hill & Kingston,weekday,Fair (3-6min),620,5.8,10763
56,56,56,Fyshwick to City via Red Hill & Kingston,weekday,Good (1-3min),5728,53.2,10763
56,56,56,Fyshwick to City via Red Hill & Kingston,weekday,Poor (6-9min),10,0.1,10763
56,56,56,Fyshwick to City via Red Hill & Kingston,weekday,Very Poor (10+min),0,0.0,10763
57,57,57,Woden to City via Hughes & Yarralumla,weekday,Excellent (±1min),1265,31.2,4052
57,57,57,Woden to City via Hughes & Yarralumla,weekday,Fair (3-6min),953,23.5,4052
57,57,57,Woden to City via Hughes & Yarralumla,weekday,Good (1-3min),1704,42.1,4052
57,57,57,Woden to City via Hughes & Yarralumla,weekday,Poor (6-9min),109,2.7,4052
57,57,57,Woden to City via Hughes & Yarralumla,weekday,Very Poor (10+min),21,0.5,4052
58,58,58,Woden to City via Curtin & Deakin,weekday,Excellent (±1min),1532,37.0,4141
58,58,58,Woden to City via Curtin & Deakin,weekday,Fair (3-6min),796,19.2,4141
58,58,58,Woden to City via Curtin & Deakin,weekday,Good (1-3min),1508,36.4,4141
58,58,58,Woden to City via Curtin & Deakin,weekday,Poor (6-9min),189,4.6,4141
58,58,58,Woden to City via Curtin & Deakin,weekday,Very Poor (10+min),116,2.8,4141
59,59,59,Woden to City ANU via Barton & Russell,weekday,Excellent (±1min),660,28.2,2343
59,59,59,Woden to City ANU via Barton & Russell,weekday,Fair (3-6min),618,26.4,2343
59,59,59,Woden to City ANU via Barton & Russell,weekday,Good (1-3min),955,40.8,2343
59,59,59,Woden to City ANU via Barton & Russell,weekday,Poor (6-9min),93,4.0,2343
59,59,59,Woden to City ANU via Barton & Russell,weekday,Very Poor (10+min),17,0.7,2343
60,60,60,Mawson Loop via O'Malley & Farrer,weekday,Excellent (±1min),205,20.8,986
60,60,60,Mawson Loop via O'Malley & Farrer,weekday,Fair (3-6min),348,35.3,986
60,60,60,Mawson Loop via O'Malley & Farrer,weekday,Good (1-3min),325,33.0,986
60,60,60,Mawson Loop via O'Malley & Farrer,weekday,Poor (6-9min),97,9.8,986
60,60,60,Mawson Loop via O'Malley & Farrer,weekday,Very Poor (10+min),11,1.1,986
61,61,61,Mawson Loop via Farrer & O'Malley,weekday,Excellent (±1min),442,27.7,1598
61,61,61,Mawson Loop via Farrer & O'Malley,weekday,Fair (3-6min),343,21.5,1598
61,61,61,Mawson Loop via Farrer & O'Malley,weekday,Good (1-3min),800,50.1,1598
61,61,61,Mawson Loop via Farrer & O'Malley,weekday,Poor (6-9min),13,0.8,1598
61,61,61,Mawson Loop via Farrer & O'Malley,weekday,Very Poor (10+min),0,0.0,1598
62,62,62,Torrens Loop via Lyons & Pearce,weekday,Excellent (±1min),434,15.9,2735
62,62,62,Torrens Loop via Lyons & Pearce,weekday,Fair (3-6min),1226,44.8,2735
62,62,62,Torrens Loop via Lyons & Pearce,weekday,Good (1-3min),897,32.8,2735
62,62,62,Torrens Loop via Lyons & Pearce,weekday,Poor (6-9min),178,6.5,2735
62,62,62,Torrens Loop via Lyons & Pearce,weekday,Very Poor (10+min),0,0.0,2735
63,63,63,Cooleman Court to Woden via Stirling & Fisher,weekday,Excellent (±1min),876,52.6,1665
63,63,63,Cooleman Court to Woden via Stirling & Fisher,weekday,Fair (3-6min),223,13.4,1665
63,63,63,Cooleman Court to Woden via Stirling & Fisher,weekday,Good (1-3min),453,27.2,1665
63,63,63,Cooleman Court to Woden via Stirling & Fisher,weekday,Poor (6-9min),113,6.8,1665
63,63,63,Cooleman Court to Woden via Stirling & Fisher,weekday,Very Poor (10+min),0,0.0,1665
64,64,64,Chapman to Woden via Rivett & Cooleman Court,weekday,Excellent (±1min),890,35.8,2488
64,64,64,Chapman to Woden via Rivett & Cooleman Court,weekday,Fair (3-6min),417,16.8,2488
64,64,64,Chapman to Woden via Rivett & Cooleman Court,weekday,Good (1-3min),1162,46.7,2488
64,64,64,Chapman to Woden via Rivett & Cooleman Court,weekday,Poor (6-9min),4,0.2,2488
64,64,64,Chapman to Woden via Rivett & Cooleman Court,weekday,Very Poor (10+min),15,0.6,2488
65,65,65,Duffy to Woden via Holder & Cooleman Court,weekday,Excellent (±1min),698,47.6,1465
65,65,65,Duffy to Woden via Holder & Cooleman Court,weekday,Fair (3-6min),71,4.8,1465
65,65,65,Duffy to Woden via Holder & Cooleman Court,weekday,Good (1-3min),685,46.8,1465
65,65,65,Duffy to Woden via Holder & Cooleman Court,weekday,Poor (6-9min),3,0.2,1465
65,65,65,Duffy to Woden via Holder & Cooleman Court,weekday,Very Poor (10+min),8,0.5,1465
66,66,66,Cooleman Court to Woden via Denman Prospect,weekday,Excellent (±1min),3110,45.1,6903
66,66,66,Cooleman Court to Woden via Denman Prospect,weekday,Fair (3-6min),1075,15.6,6903
66,66,66,Cooleman Court to Woden via Denman Prospect,weekday,Good (1-3min),2686,38.9,6903
66,66,66,Cooleman Court to Woden via Denman Prospect,weekday,Poor (6-9min),32,0.5,6903
66,66,66,Cooleman Court to Woden via Denman Prospect,weekday,Very Poor (10+min),0,0.0,6903
70,70,70,Tuggeranong to Woden via Kambah West & Cooleman Ct,weekday,Excellent (±1min),1918,45.5,4219
70,70,70,Tuggeranong to Woden via Kambah West & Cooleman Ct,weekday,Fair (3-6min),437,10.4,4219
70,70,70,Tuggeranong to Woden via Kambah West & Cooleman Ct,weekday,Good (1-3min),1815,43.0,4219
70,70,70,Tuggeranong to Woden via Kambah West & Cooleman Ct,weekday,Poor (6-9min),49,1.2,4219
70,70,70,Tuggeranong to Woden via Kambah West & Cooleman Ct,weekday,Very Poor (10+min),0,0.0,4219
71,71,71,Tuggeranong to Woden via Kambah East & Cooleman Ct,weekday,Excellent (±1min),1282,32.2,3978
71,71,71,Tuggeranong to Woden via Kambah East & Cooleman Ct,weekday,Fair (3-6min),847,21.3,3978
71,71,71,Tuggeranong to Woden via Kambah East & Cooleman Ct,weekday,Good (1-3min),1800,45.2,3978
71,71,71,Tuggeranong to Woden via Kambah East & Cooleman Ct,weekday,Poor (6-9min),49,1.2,3978
71,71,71,Tuggeranong to Woden via Kambah East & Cooleman Ct,weekday,Very Poor (10+min),0,0.0,3978
72,72,72,Tuggeranong to Woden via Oxley & Erindale,weekday,Excellent (±1min),1439,39.3,3662
72,72,72,Tuggeranong to Woden via Oxley & Erindale,weekday,Fair (3-6min),844,23.0,3662
72,72,72,Tuggeranong to Woden via Oxley & Erindale,weekday,Good (1-3min),1228,33.5,3662
72,72,72,Tuggeranong to Woden via Oxley & Erindale,weekday,Poor (6-9min),151,4.1,3662
72,72,72,Tuggeranong to Woden via Oxley & Erindale,weekday,Very Poor (10+min),0,0.0,3662
73,73,73,Tuggeranong to Woden via Monash & Wanniassa,weekday,Excellent (±1min),1278,36.0,3546
73,73,73,Tuggeranong to Woden via Monash & Wanniassa,weekday,Fair (3-6min),933,26.3,3546
73,73,73,Tuggeranong to Woden via Monash & Wanniassa,weekday,Good (1-3min),1155,32.6,3546
73,73,73,Tuggeranong to Woden via Monash & Wanniassa,weekday,Poor (6-9min),136,3.8,3546
73,73,73,Tuggeranong to Woden via Monash & Wanniassa,weekday,Very Poor (10+min),44,1.2,3546
74,74,74,Chisholm Loop via Erindale & Richardson,weekday,Excellent (±1min),1718,37.2,4621
74,74,74,Chisholm Loop via Erindale & Richardson,weekday,Fair (3-6min),510,11.0,4621
74,74,74,Chisholm Loop via Erindale & Richardson,weekday,Good (1-3min),2291,49.6,4621
74,74,74,Chisholm Loop via Erindale & Richardson,weekday,Poor (6-9min),102,2.2,4621
74,74,74,Chisholm Loop via Erindale & Richardson,weekday,Very Poor (10+min),0,0.0,4621
75,75,75,Chisholm Loop via Richardson & Erindale,weekday,Excellent (±1min),1242,37.0,3354
75,75,75,Chisholm Loop via Richardson & Erindale,weekday,Fair (3-6min),674,20.1,3354
75,75,75,Chisholm Loop via Richardson & Erindale,weekday,Good (1-3min),1424,42.5,3354
75,75,75,Chisholm Loop via Richardson & Erindale,weekday,Poor (6-9min),14,0.4,3354
75,75,75,Chisholm Loop via Richardson & Erindale,weekday,Very Poor (10+min),0,0.0,3354
76,76,76,Tuggeranong to Woden via Calwell & Erindale,weekday,Excellent (±1min),2172,33.6,6466
76,76,76,Tuggeranong to Woden via Calwell & Erindale,weekday,Fair (3-6min),1664,25.7,6466
76,76,76,Tuggeranong to Woden via Calwell & Erindale,weekday,Good (1-3min),2082,32.2,6466
76,76,76,Tuggeranong to Woden via Calwell & Erindale,weekday,Poor (6-9min),535,8.3,6466
76,76,76,Tuggeranong to Woden via Calwell & Erindale,weekday,Very Poor (10+min),13,0.2,6466
77,77,77,Tuggeranong to Woden via Gowrie & Erindale,weekday,Excellent (±1min),1313,30.0,4376
77,77,77,Tuggeranong to Woden via Gowrie & Erindale,weekday,Fair (3-6min),1189,27.2,4376
77,77,77,Tuggeranong to Woden via Gowrie & Erindale,weekday,Good (1-3min),1493,34.1,4376
77,77,77,Tuggeranong to Woden via Gowrie & Erindale,weekday,Poor (6-9min),373,8.5,4376
77,77,77,Tuggeranong to Woden via Gowrie & Erindale,weekday,Very Poor (10+min),8,0.2,4376
78,78,78,Richardson Loop via Chisholm,weekday,Excellent (±1min),1530,45.2,3385
78,78,78,Richardson Loop via Chisholm,weekday,Fair (3-6min),341,10.1,3385
78,78,78,Richardson Loop via Chisholm,weekday,Good (1-3min),1363,40.3,3385
78,78,78,Richardson Loop via Chisholm,weekday,Poor (6-9min),115,3.4,3385
78,78,78,Richardson Loop via Chisholm,weekday,Very Poor (10+min),36,1.1,3385
79,79,79,Calwell to Tuggeranong via Theodore,weekday,Excellent (±1min),928,33.4,2781
79,79,79,Calwell to Tuggeranong via Theodore,weekday,Fair (3-6min),607,21.8,2781
79,79,79,Calwell to Tuggeranong via Theodore,weekday,Good (1-3min),1111,39.9,2781
79,79,79,Calwell to Tuggeranong via Theodore,weekday,Poor (6-9min),135,4.9,2781
79,79,79,Calwell to Tuggeranong via Theodore,weekday,Very Poor (10+min),0,0.0,2781
80,80,80,Lanyon Marketplace to Tuggeranong via Banks,weekday,Excellent (±1min),1373,43.2,3175
80,80,80,Lanyon Marketplace to Tuggeranong via Banks,weekday,Fair (3-6min),341,10.7,3175
80,80,80,Lanyon Marketplace to Tuggeranong via Banks,weekday,Good (1-3min),1444,45.5,3175
80,80,80,Lanyon Marketplace to Tuggeranong via Banks,weekday,Poor (6-9min),3,0.1,3175
80,80,80,Lanyon Marketplace to Tuggeranong via Banks,weekday,Very Poor (10+min),14,0.4,3175
81,81,81,Lanyon Marketplace to Tuggeranong via Gordon,weekday,Excellent (±1min),2633,58.5,4498
81,81,81,Lanyon Marketplace to Tuggeranong via Gordon,weekday,Fair (3-6min),171,3.8,4498
81,81,81,Lanyon Marketplace to Tuggeranong via Gordon,weekday,Good (1-3min),1694,37.7,4498
81,81,81,Lanyon Marketplace to Tuggeranong via Gordon,weekday,Poor (6-9min),0,0.0,4498
81,81,81,Lanyon Marketplace to Tuggeranong via Gordon,weekday,Very Poor (10+min),0,0.0,4498
903,903,903,Strathnairn Loop,weekday,Excellent (±1min),648,35.0,1851
903,903,903,Strathnairn Loop,weekday,Fair (3-6min),474,25.6,1851
903,903,903,Strathnairn Loop,weekday,Good (1-3min),670,36.2,1851
903,903,903,Strathnairn Loop,weekday,Poor (6-9min),36,1.9,1851
903,903,903,Strathnairn Loop,weekday,Very Poor (10+min),23,1.2,1851
