SA1_Code,Suburb,District,best_service_type,num_service_types,num_stops
80101100101,Aranda,Belconnen,High-Frequency Core Corridors,3,14
80101100102,Aranda,Belconnen,High-Frequency Core Corridors,3,8
80101100103,Aranda,Belconnen,Standard Suburban Network,1,11
80101100104,Aranda,Belconnen,Standard Suburban Network,1,4
80101100105,Aranda,Belconnen,Standard Suburban Network,1,10
80101100106,Aranda,Belconnen,Standard Suburban Network,1,10
80101100201,Belconnen,Belconnen,High-Frequency Core Corridors,4,15
80101100202,Belconnen,Belconnen,Standard Suburban Network,1,9
80101100203,Belconnen,Belconnen,High-Frequency Core Corridors,4,4
80101100205,Belconnen,Belconnen,High-Frequency Core Corridors,4,34
80101100208,Belconnen,Belconnen,High-Frequency Core Corridors,3,13
80101100209,Belconnen,Belconnen,High-Frequency Core Corridors,4,16
80101100210,Belconnen,Belconnen,Frequent All-Week Services,2,9
80101100211,Belconnen,Belconnen,High-Frequency Core Corridors,4,8
80101100212,Belconnen,Belconnen,Frequent All-Week Services,2,6
80101100213,Belconnen,Belconnen,High-Frequency Core Corridors,4,15
80101100215,Belconnen,Belconnen,High-Frequency Core Corridors,4,16
80101100216,Belconnen,Belconnen,High-Frequency Core Corridors,4,21
80101100217,Belconnen,Belconnen,High-Frequency Core Corridors,4,13
80101100218,Belconnen,Belconnen,High-Frequency Core Corridors,4,16
80101100219,Belconnen,Belconnen,High-Frequency Core Corridors,4,18
80101100220,Belconnen,Belconnen,High-Frequency Core Corridors,4,10
80101100221,Belconnen,Belconnen,High-Frequency Core Corridors,4,8
80101100222,Belconnen,Belconnen,High-Frequency Core Corridors,4,12
80101100223,Belconnen,Belconnen,High-Frequency Core Corridors,4,31
80101100224,Belconnen,Belconnen,High-Frequency Core Corridors,4,13
80101100225,Belconnen,Belconnen,High-Frequency Core Corridors,4,15
80101100301,Bruce,Belconnen,High-Frequency Core Corridors,3,12
80101100304,Bruce,Belconnen,Frequent All-Week Services,1,5
80101100306,Bruce,Belconnen,High-Frequency Core Corridors,3,9
80101100307,Bruce,Belconnen,Frequent All-Week Services,2,7
80101100308,Bruce,Belconnen,High-Frequency Core Corridors,4,35
80101100309,Bruce,Belconnen,Frequent All-Week Services,2,4
80101100310,Bruce,Belconnen,Frequent All-Week Services,1,2
80101100311,Bruce,Belconnen,Frequent All-Week Services,2,7
80101100312,Bruce,Belconnen,High-Frequency Core Corridors,3,15
80101100314,Bruce,Belconnen,High-Frequency Core Corridors,2,13
80101100315,Bruce,Belconnen,High-Frequency Core Corridors,3,13
80101100316,Bruce,Belconnen,High-Frequency Core Corridors,3,8
80101100317,Bruce,Belconnen,High-Frequency Core Corridors,3,12
80101100318,Bruce,Belconnen,High-Frequency Core Corridors,3,7
80101100319,Bruce,Belconnen,High-Frequency Core Corridors,3,15
80101100320,Bruce,Belconnen,High-Frequency Core Corridors,3,13
80101100321,Bruce,Belconnen,Frequent All-Week Services,1,7
80101100322,Bruce,Belconnen,Frequent All-Week Services,1,6
80101100401,Charnwood,Belconnen,High-Frequency Core Corridors,3,21
80101100402,Charnwood,Belconnen,High-Frequency Core Corridors,3,18
80101100403,Charnwood,Belconnen,Standard Suburban Network,2,16
80101100404,Charnwood,Belconnen,Standard Suburban Network,2,14
80101100405,Charnwood,Belconnen,High-Frequency Core Corridors,3,16
80101100406,Charnwood,Belconnen,High-Frequency Core Corridors,2,16
80101100408,Charnwood,Belconnen,Standard Suburban Network,2,14
80101100409,Charnwood,Belconnen,Standard Suburban Network,2,15
80101100501,Cook,Belconnen,Standard Suburban Network,2,16
80101100502,Cook,Belconnen,Standard Suburban Network,1,14
80101100503,Cook,Belconnen,Standard Suburban Network,1,6
80101100504,Cook,Belconnen,Standard Suburban Network,1,14
80101100505,Cook,Belconnen,Standard Suburban Network,1,16
80101100506,Cook,Belconnen,Standard Suburban Network,1,8
80101100507,Cook,Belconnen,Standard Suburban Network,1,6
80101100508,Cook,Belconnen,Standard Suburban Network,1,6
80101100509,Cook,Belconnen,Standard Suburban Network,2,8
80101100602,Dunlop,Belconnen,High-Frequency Core Corridors,2,11
80101100604,Dunlop,Belconnen,High-Frequency Core Corridors,2,12
80101100605,Dunlop,Belconnen,High-Frequency Core Corridors,1,6
80101100606,Dunlop,Belconnen,High-Frequency Core Corridors,1,2
80101100607,Dunlop,Belconnen,High-Frequency Core Corridors,1,6
80101100608,Dunlop,Belconnen,High-Frequency Core Corridors,1,10
80101100609,Dunlop,Belconnen,High-Frequency Core Corridors,1,9
80101100610,Dunlop,Belconnen,High-Frequency Core Corridors,1,11
80101100611,Dunlop,Belconnen,High-Frequency Core Corridors,2,15
80101100612,Dunlop,Belconnen,High-Frequency Core Corridors,1,14
80101100613,Dunlop,Belconnen,High-Frequency Core Corridors,2,12
80101100614,Dunlop,Belconnen,High-Frequency Core Corridors,1,9
80101100615,Dunlop,Belconnen,High-Frequency Core Corridors,1,11
80101100616,Dunlop,Belconnen,High-Frequency Core Corridors,1,10
80101100617,Dunlop,Belconnen,High-Frequency Core Corridors,1,9
80101100618,Dunlop,Belconnen,High-Frequency Core Corridors,3,15
80101100619,Dunlop,Belconnen,High-Frequency Core Corridors,1,6
80101100620,Dunlop,Belconnen,High-Frequency Core Corridors,1,6
80101100621,Dunlop,Belconnen,High-Frequency Core Corridors,1,6
80101100622,Dunlop,Belconnen,High-Frequency Core Corridors,1,4
80101100623,Dunlop,Belconnen,High-Frequency Core Corridors,2,14
80101100701,Evatt,Belconnen,Frequent All-Week Services,2,22
80101100702,Evatt,Belconnen,Frequent All-Week Services,2,16
80101100703,Evatt,Belconnen,Frequent All-Week Services,2,29
80101100704,Evatt,Belconnen,Frequent All-Week Services,2,25
80101100705,Evatt,Belconnen,Standard Suburban Network,1,23
80101100706,Evatt,Belconnen,Frequent All-Week Services,3,25
80101100707,Evatt,Belconnen,Frequent All-Week Services,2,20
80101100708,Evatt,Belconnen,Standard Suburban Network,1,20
80101100709,Evatt,Belconnen,Standard Suburban Network,1,16
80101100710,Evatt,Belconnen,Frequent All-Week Services,2,24
80101100711,Evatt,Belconnen,Frequent All-Week Services,2,21
80101100712,Evatt,Belconnen,Standard Suburban Network,1,20
80101100713,Evatt,Belconnen,Standard Suburban Network,1,16
80101100714,Evatt,Belconnen,Frequent All-Week Services,2,25
80101100801,Florey,Belconnen,Frequent All-Week Services,2,20
80101100802,Florey,Belconnen,Frequent All-Week Services,2,21
80101100803,Florey,Belconnen,Standard Suburban Network,2,18
80101100804,Florey,Belconnen,Frequent All-Week Services,2,16
80101100805,Florey,Belconnen,Frequent All-Week Services,3,12
80101100806,Florey,Belconnen,High-Frequency Core Corridors,3,13
80101100807,Florey,Belconnen,High-Frequency Core Corridors,4,21
80101100808,Florey,Belconnen,Frequent All-Week Services,2,15
80101100809,Florey,Belconnen,Frequent All-Week Services,2,14
80101100810,Florey,Belconnen,High-Frequency Core Corridors,3,32
80101100811,Florey,Belconnen,High-Frequency Core Corridors,3,15
80101100812,Florey,Belconnen,High-Frequency Core Corridors,4,17
80101100901,Flynn (ACT),Belconnen,Standard Suburban Network,2,14
80101100902,Flynn (ACT),Belconnen,Standard Suburban Network,2,18
80101100903,Flynn (ACT),Belconnen,Standard Suburban Network,2,14
80101100904,Flynn (ACT),Belconnen,Standard Suburban Network,2,16
80101100905,Flynn (ACT),Belconnen,Standard Suburban Network,2,14
80101100906,Flynn (ACT),Belconnen,Standard Suburban Network,2,17
80101100907,Flynn (ACT),Belconnen,Standard Suburban Network,2,21
80101100908,Flynn (ACT),Belconnen,Standard Suburban Network,2,18
80101100909,Flynn (ACT),Belconnen,Standard Suburban Network,2,15
80101100910,Flynn (ACT),Belconnen,Standard Suburban Network,2,15
80101101001,Fraser,Belconnen,High-Frequency Core Corridors,3,28
80101101002,Fraser,Belconnen,High-Frequency Core Corridors,3,25
80101101003,Fraser,Belconnen,Frequent All-Week Services,3,22
80101101004,Fraser,Belconnen,Weekend Service Gap,1,17
80101101005,Fraser,Belconnen,Frequent All-Week Services,3,46
80101101101,Giralang,Belconnen,Frequent All-Week Services,2,16
80101101102,Giralang,Belconnen,Frequent All-Week Services,2,20
80101101103,Giralang,Belconnen,Standard Suburban Network,1,10
80101101104,Giralang,Belconnen,Frequent All-Week Services,2,20
80101101105,Giralang,Belconnen,Standard Suburban Network,1,15
80101101106,Giralang,Belconnen,Standard Suburban Network,1,12
80101101107,Giralang,Belconnen,Frequent All-Week Services,2,24
80101101108,Giralang,Belconnen,Frequent All-Week Services,2,14
80101101109,Giralang,Belconnen,Standard Suburban Network,1,20
80101101110,Giralang,Belconnen,Standard Suburban Network,1,18
80101101202,Gooromon,Belconnen,Frequent All-Week Services,2,40
80101101203,Gooromon,Belconnen,High-Frequency Core Corridors,4,20
80101101301,Hawker,Belconnen,Standard Suburban Network,2,17
80101101302,Hawker,Belconnen,Standard Suburban Network,2,21
80101101303,Hawker,Belconnen,Standard Suburban Network,1,9
80101101304,Hawker,Belconnen,Standard Suburban Network,1,5
80101101305,Hawker,Belconnen,Standard Suburban Network,1,15
80101101306,Hawker,Belconnen,Standard Suburban Network,1,13
80101101307,Hawker,Belconnen,Standard Suburban Network,1,13
80101101308,Hawker,Belconnen,Standard Suburban Network,1,10
80101101309,Hawker,Belconnen,Standard Suburban Network,1,27
80101101310,Hawker,Belconnen,Standard Suburban Network,1,10
80101101401,Higgins,Belconnen,Standard Suburban Network,3,27
80101101402,Higgins,Belconnen,High-Frequency Core Corridors,3,28
80101101403,Higgins,Belconnen,Standard Suburban Network,3,23
80101101404,Higgins,Belconnen,Standard Suburban Network,1,20
80101101405,Higgins,Belconnen,Standard Suburban Network,1,17
80101101406,Higgins,Belconnen,Standard Suburban Network,2,20
80101101407,Higgins,Belconnen,High-Frequency Core Corridors,4,29
80101101502,Holt,Belconnen,High-Frequency Core Corridors,3,20
80101101503,Holt,Belconnen,Standard Suburban Network,2,18
80101101504,Holt,Belconnen,High-Frequency Core Corridors,4,30
80101101505,Holt,Belconnen,High-Frequency Core Corridors,4,24
80101101506,Holt,Belconnen,High-Frequency Core Corridors,4,27
80101101508,Holt,Belconnen,High-Frequency Core Corridors,4,20
80101101509,Holt,Belconnen,High-Frequency Core Corridors,4,19
80101101510,Holt,Belconnen,Standard Suburban Network,2,18
80101101511,Holt,Belconnen,Standard Suburban Network,2,16
80101101512,Holt,Belconnen,High-Frequency Core Corridors,4,21
80101101513,Holt,Belconnen,High-Frequency Core Corridors,4,23
80101101514,Holt,Belconnen,High-Frequency Core Corridors,4,34
80101101515,Holt,Belconnen,High-Frequency Core Corridors,4,26
80101101516,Holt,Belconnen,Standard Suburban Network,2,8
80101101517,Holt,Belconnen,High-Frequency Core Corridors,3,21
80101101601,Kaleen,Belconnen,Standard Suburban Network,1,16
80101101602,Kaleen,Belconnen,Frequent All-Week Services,2,9
80101101603,Kaleen,Belconnen,Frequent All-Week Services,2,16
80101101604,Kaleen,Belconnen,Standard Suburban Network,1,8
80101101605,Kaleen,Belconnen,Standard Suburban Network,1,10
80101101606,Kaleen,Belconnen,Standard Suburban Network,1,16
80101101607,Kaleen,Belconnen,Standard Suburban Network,1,16
80101101608,Kaleen,Belconnen,Frequent All-Week Services,2,8
80101101609,Kaleen,Belconnen,Standard Suburban Network,1,12
80101101610,Kaleen,Belconnen,Standard Suburban Network,1,15
80101101611,Kaleen,Belconnen,Standard Suburban Network,1,14
80101101612,Kaleen,Belconnen,Standard Suburban Network,1,14
80101101613,Kaleen,Belconnen,Standard Suburban Network,1,19
80101101614,Kaleen,Belconnen,Standard Suburban Network,1,9
80101101615,Kaleen,Belconnen,Standard Suburban Network,1,10
80101101616,Kaleen,Belconnen,Standard Suburban Network,1,19
80101101617,Kaleen,Belconnen,Standard Suburban Network,1,9
80101101618,Kaleen,Belconnen,Standard Suburban Network,1,10
80101101619,Kaleen,Belconnen,Standard Suburban Network,1,19
80101101701,Latham,Belconnen,High-Frequency Core Corridors,4,16
80101101702,Latham,Belconnen,Standard Suburban Network,2,16
80101101703,Latham,Belconnen,Standard Suburban Network,2,13
80101101704,Latham,Belconnen,High-Frequency Core Corridors,3,20
80101101705,Latham,Belconnen,High-Frequency Core Corridors,4,30
80101101706,Latham,Belconnen,Standard Suburban Network,2,14
80101101707,Latham,Belconnen,High-Frequency Core Corridors,3,29
80101101708,Latham,Belconnen,Standard Suburban Network,1,4
80101101709,Latham,Belconnen,High-Frequency Core Corridors,3,23
80101101802,Lawson,Belconnen,Frequent All-Week Services,2,35
80101101805,Lawson,Belconnen,Frequent All-Week Services,2,15
80101101806,Lawson,Belconnen,Standard Suburban Network,1,6
80101101807,Lawson,Belconnen,Standard Suburban Network,1,6
80101101808,Lawson,Belconnen,Standard Suburban Network,1,10
80101101809,Lawson,Belconnen,Standard Suburban Network,1,12
80101101810,Lawson,Belconnen,Standard Suburban Network,1,4
80101101902,Macgregor (ACT),Belconnen,Standard Suburban Network,1,6
80101101904,Macgregor (ACT),Belconnen,High-Frequency Core Corridors,2,15
80101101905,Macgregor (ACT),Belconnen,Standard Suburban Network,1,6
80101101906,Macgregor (ACT),Belconnen,High-Frequency Core Corridors,2,16
80101101907,Macgregor (ACT),Belconnen,High-Frequency Core Corridors,3,16
80101101908,Macgregor (ACT),Belconnen,High-Frequency Core Corridors,2,13
80101101909,Macgregor (ACT),Belconnen,High-Frequency Core Corridors,2,18
80101101910,Macgregor (ACT),Belconnen,High-Frequency Core Corridors,3,23
80101101911,Macgregor (ACT),Belconnen,High-Frequency Core Corridors,4,23
80101101912,Macgregor (ACT),Belconnen,High-Frequency Core Corridors,3,16
80101101913,Macgregor (ACT),Belconnen,High-Frequency Core Corridors,4,22
80101101914,Macgregor (ACT),Belconnen,Standard Suburban Network,1,4
80101101915,Macgregor (ACT),Belconnen,Standard Suburban Network,1,2
80101101916,Macgregor (ACT),Belconnen,Standard Suburban Network,1,2
80101101917,Macgregor (ACT),Belconnen,High-Frequency Core Corridors,2,6
80101101918,Macgregor (ACT),Belconnen,High-Frequency Core Corridors,2,9
80101101919,Macgregor (ACT),Belconnen,High-Frequency Core Corridors,2,6
80101102001,Macquarie,Belconnen,Standard Suburban Network,2,15
80101102002,Macquarie,Belconnen,Standard Suburban Network,1,10
80101102003,Macquarie,Belconnen,Standard Suburban Network,2,15
80101102004,Macquarie,Belconnen,Standard Suburban Network,2,16
80101102005,Macquarie,Belconnen,Standard Suburban Network,1,15
80101102006,Macquarie,Belconnen,Standard Suburban Network,1,10
80101102007,Macquarie,Belconnen,Standard Suburban Network,2,16
80101102008,Macquarie,Belconnen,Standard Suburban Network,2,10
80101102101,McKellar,Belconnen,Frequent All-Week Services,2,28
80101102102,McKellar,Belconnen,Frequent All-Week Services,2,13
80101102103,McKellar,Belconnen,Frequent All-Week Services,2,26
80101102104,McKellar,Belconnen,Frequent All-Week Services,2,21
80101102105,McKellar,Belconnen,Frequent All-Week Services,2,27
80101102201,Melba,Belconnen,Weekend Service Gap,1,21
80101102202,Melba,Belconnen,Weekend Service Gap,1,19
80101102203,Melba,Belconnen,Frequent All-Week Services,3,31
80101102204,Melba,Belconnen,Standard Suburban Network,2,25
80101102205,Melba,Belconnen,Frequent All-Week Services,3,25
80101102206,Melba,Belconnen,Frequent All-Week Services,3,26
80101102207,Melba,Belconnen,Frequent All-Week Services,3,29
80101102208,Melba,Belconnen,Frequent All-Week Services,2,27
80101102301,Page,Belconnen,High-Frequency Core Corridors,3,16
80101102302,Page,Belconnen,High-Frequency Core Corridors,4,13
80101102303,Page,Belconnen,High-Frequency Core Corridors,4,18
80101102304,Page,Belconnen,High-Frequency Core Corridors,3,13
80101102305,Page,Belconnen,Standard Suburban Network,2,20
80101102306,Page,Belconnen,Standard Suburban Network,2,23
80101102307,Page,Belconnen,High-Frequency Core Corridors,4,19
80101102401,Scullin,Belconnen,High-Frequency Core Corridors,3,16
80101102402,Scullin,Belconnen,High-Frequency Core Corridors,3,20
80101102403,Scullin,Belconnen,Standard Suburban Network,2,21
80101102404,Scullin,Belconnen,Standard Suburban Network,2,17
80101102405,Scullin,Belconnen,Standard Suburban Network,2,17
80101102406,Scullin,Belconnen,Standard Suburban Network,2,20
80101102407,Scullin,Belconnen,Weekend Service Gap,1,10
80101102408,Scullin,Belconnen,High-Frequency Core Corridors,2,14
80101102501,Spence,Belconnen,Frequent All-Week Services,1,15
80101102502,Spence,Belconnen,Frequent All-Week Services,3,28
80101102503,Spence,Belconnen,Frequent All-Week Services,3,18
80101102504,Spence,Belconnen,Frequent All-Week Services,2,18
80101102505,Spence,Belconnen,Frequent All-Week Services,2,25
80101102506,Spence,Belconnen,Frequent All-Week Services,2,23
80101102601,Weetangera,Belconnen,Standard Suburban Network,2,10
80101102602,Weetangera,Belconnen,Standard Suburban Network,1,18
80101102603,Weetangera,Belconnen,Standard Suburban Network,2,12
80101102604,Weetangera,Belconnen,Standard Suburban Network,2,22
80101102605,Weetangera,Belconnen,Standard Suburban Network,2,16
80101102606,Weetangera,Belconnen,Standard Suburban Network,2,25
80101102607,Weetangera,Belconnen,Standard Suburban Network,2,18
80101114201,Macnamara,Belconnen,Weekday Peak-Only Express,1,1
80101114301,Strathnairn,Belconnen,Weekday Peak-Only Express,1,5
80101114302,Strathnairn,Belconnen,Weekday Peak-Only Express,1,4
80101114401,West Belconnen,Belconnen,Standard Suburban Network,2,3
80103103102,Hume,Canberra East,No Service,0,1
80103103103,Hume,Canberra East,No Service,0,1
80103103201,Kowen,Canberra East,No Service,0,1
80103111301,Canberra East,Canberra East,No Service,0,1
80103111302,Canberra East,Canberra East,No Service,0,1
80103111303,Canberra East,Canberra East,No Service,0,1
80103111304,Canberra East,Canberra East,No Service,0,1
80103111305,Canberra East,Canberra East,Frequent All-Week Services,1,2
80103111306,Canberra East,Canberra East,No Service,0,1
80103111307,Canberra East,Canberra East,High-Frequency Core Corridors,2,14
80103111308,Canberra East,Canberra East,No Service,0,1
80103111309,Canberra East,Canberra East,High-Frequency Core Corridors,2,3
80103111401,Canberra Airport,Canberra East,Frequent All-Week Services,2,6
80103111501,Majura,Canberra East,Weekend Service Gap,1,5
80103111502,Majura,Canberra East,Frequent All-Week Services,3,8
80103111503,Majura,Canberra East,Weekend Service Gap,1,1
80103111504,Majura,Canberra East,No Service,0,1
80103111505,Majura,Canberra East,Standard Suburban Network,2,11
80103111506,Majura,Canberra East,No Service,0,1
80103111507,Majura,Canberra East,Weekend Service Gap,1,1
80104103401,Amaroo,Gungahlin,Standard Suburban Network,2,20
80104103402,Amaroo,Gungahlin,Standard Suburban Network,2,19
80104103403,Amaroo,Gungahlin,Standard Suburban Network,2,19
80104103404,Amaroo,Gungahlin,Weekend Service Gap,1,11
80104103405,Amaroo,Gungahlin,Weekend Service Gap,1,13
80104103406,Amaroo,Gungahlin,Standard Suburban Network,2,16
80104103407,Amaroo,Gungahlin,Standard Suburban Network,2,25
80104103408,Amaroo,Gungahlin,Weekend Service Gap,1,16
80104103409,Amaroo,Gungahlin,Weekend Service Gap,1,16
80104103410,Amaroo,Gungahlin,Weekend Service Gap,1,14
80104103411,Amaroo,Gungahlin,Weekend Service Gap,1,15
80104103412,Amaroo,Gungahlin,Standard Suburban Network,2,11
80104103413,Amaroo,Gungahlin,Standard Suburban Network,2,9
80104103414,Amaroo,Gungahlin,Standard Suburban Network,2,18
80104103501,Bonner,Gungahlin,Weekend Service Gap,1,6
80104103505,Bonner,Gungahlin,Weekend Service Gap,1,6
80104103506,Bonner,Gungahlin,Weekend Service Gap,1,11
80104103507,Bonner,Gungahlin,Weekend Service Gap,1,8
80104103508,Bonner,Gungahlin,Weekend Service Gap,1,7
80104103509,Bonner,Gungahlin,Weekend Service Gap,1,9
80104103510,Bonner,Gungahlin,Weekend Service Gap,1,7
80104103511,Bonner,Gungahlin,Weekend Service Gap,1,7
80104103512,Bonner,Gungahlin,Weekend Service Gap,1,6
80104103513,Bonner,Gungahlin,Weekend Service Gap,1,4
80104103514,Bonner,Gungahlin,Weekend Service Gap,1,3
80104103515,Bonner,Gungahlin,Weekend Service Gap,1,6
80104103516,Bonner,Gungahlin,Weekend Service Gap,1,8
80104103517,Bonner,Gungahlin,Weekend Service Gap,1,2
80104103518,Bonner,Gungahlin,Weekend Service Gap,1,4
80104103519,Bonner,Gungahlin,Weekend Service Gap,1,8
80104103520,Bonner,Gungahlin,Weekend Service Gap,1,4
80104103521,Bonner,Gungahlin,Weekend Service Gap,1,4
80104103522,Bonner,Gungahlin,Weekend Service Gap,1,11
80104103601,Casey,Gungahlin,Standard Suburban Network,2,11
80104103604,Casey,Gungahlin,Standard Suburban Network,2,23
80104103605,Casey,Gungahlin,Standard Suburban Network,1,8
80104103606,Casey,Gungahlin,Standard Suburban Network,2,9
80104103607,Casey,Gungahlin,Standard Suburban Network,2,12
80104103608,Casey,Gungahlin,Standard Suburban Network,2,12
80104103609,Casey,Gungahlin,Standard Suburban Network,2,12
80104103610,Casey,Gungahlin,Standard Suburban Network,2,15
80104103611,Casey,Gungahlin,Standard Suburban Network,1,4
80104103612,Casey,Gungahlin,Standard Suburban Network,2,9
80104103613,Casey,Gungahlin,Standard Suburban Network,2,7
80104103614,Casey,Gungahlin,Standard Suburban Network,1,4
80104103615,Casey,Gungahlin,Standard Suburban Network,2,6
80104103616,Casey,Gungahlin,Standard Suburban Network,2,12
80104103617,Casey,Gungahlin,Standard Suburban Network,2,7
80104103618,Casey,Gungahlin,Standard Suburban Network,2,15
80104103702,Crace,Gungahlin,Standard Suburban Network,1,6
80104103703,Crace,Gungahlin,Frequent All-Week Services,2,6
80104103704,Crace,Gungahlin,Standard Suburban Network,1,4
80104103705,Crace,Gungahlin,Standard Suburban Network,1,8
80104103706,Crace,Gungahlin,Standard Suburban Network,1,6
80104103707,Crace,Gungahlin,Standard Suburban Network,1,6
80104103708,Crace,Gungahlin,Frequent All-Week Services,2,12
80104103709,Crace,Gungahlin,Standard Suburban Network,1,10
80104103710,Crace,Gungahlin,Standard Suburban Network,1,5
80104103711,Crace,Gungahlin,Standard Suburban Network,1,10
80104103712,Crace,Gungahlin,Frequent All-Week Services,2,9
80104103713,Crace,Gungahlin,Standard Suburban Network,2,9
80104103714,Crace,Gungahlin,Standard Suburban Network,1,6
80104103804,Forde,Gungahlin,Weekend Service Gap,1,8
80104103805,Forde,Gungahlin,Weekend Service Gap,1,5
80104103806,Forde,Gungahlin,Weekend Service Gap,1,3
80104103807,Forde,Gungahlin,Weekend Service Gap,1,5
80104103808,Forde,Gungahlin,Weekend Service Gap,1,12
80104103809,Forde,Gungahlin,Weekend Service Gap,1,6
80104103810,Forde,Gungahlin,Weekend Service Gap,1,6
80104103811,Forde,Gungahlin,Weekend Service Gap,1,11
80104103812,Forde,Gungahlin,Weekend Service Gap,1,6
80104103813,Forde,Gungahlin,Weekend Service Gap,1,6
80104103814,Forde,Gungahlin,Weekend Service Gap,1,19
80104103815,Forde,Gungahlin,Weekend Service Gap,1,14
80104103907,Franklin,Gungahlin,Standard Suburban Network,1,10
80104103908,Franklin,Gungahlin,Standard Suburban Network,1,10
80104103910,Franklin,Gungahlin,Standard Suburban Network,1,6
80104103911,Franklin,Gungahlin,Standard Suburban Network,2,8
80104103912,Franklin,Gungahlin,Standard Suburban Network,1,8
80104103913,Franklin,Gungahlin,Weekend Service Gap,1,2
80104103914,Franklin,Gungahlin,Standard Suburban Network,1,7
80104103915,Franklin,Gungahlin,Standard Suburban Network,2,12
80104103916,Franklin,Gungahlin,Standard Suburban Network,1,4
80104103917,Franklin,Gungahlin,Standard Suburban Network,1,2
80104103918,Franklin,Gungahlin,Standard Suburban Network,2,8
80104103919,Franklin,Gungahlin,Standard Suburban Network,1,8
80104103920,Franklin,Gungahlin,Standard Suburban Network,2,7
80104103921,Franklin,Gungahlin,No Service,0,1
80104103922,Franklin,Gungahlin,Standard Suburban Network,1,8
80104103923,Franklin,Gungahlin,Standard Suburban Network,1,8
80104103924,Franklin,Gungahlin,Standard Suburban Network,2,9
80104103925,Franklin,Gungahlin,Standard Suburban Network,1,8
80104103926,Franklin,Gungahlin,Weekend Service Gap,1,3
80104103927,Franklin,Gungahlin,Standard Suburban Network,1,6
80104103928,Franklin,Gungahlin,Standard Suburban Network,1,5
80104103929,Franklin,Gungahlin,Standard Suburban Network,1,3
80104104001,Gungahlin,Gungahlin,Frequent All-Week Services,3,12
80104104002,Gungahlin,Gungahlin,Weekend Service Gap,1,8
80104104005,Gungahlin,Gungahlin,Weekend Service Gap,1,8
80104104006,Gungahlin,Gungahlin,Weekend Service Gap,1,10
80104104007,Gungahlin,Gungahlin,Weekend Service Gap,1,7
80104104008,Gungahlin,Gungahlin,Weekend Service Gap,1,9
80104104011,Gungahlin,Gungahlin,Frequent All-Week Services,3,26
80104104013,Gungahlin,Gungahlin,Weekend Service Gap,1,10
80104104014,Gungahlin,Gungahlin,Frequent All-Week Services,3,13
80104104015,Gungahlin,Gungahlin,Weekend Service Gap,1,10
80104104017,Gungahlin,Gungahlin,Standard Suburban Network,2,9
80104104018,Gungahlin,Gungahlin,Frequent All-Week Services,3,14
80104104019,Gungahlin,Gungahlin,Frequent All-Week Services,3,12
80104104020,Gungahlin,Gungahlin,Frequent All-Week Services,3,16
80104104021,Gungahlin,Gungahlin,Frequent All-Week Services,3,8
80104104022,Gungahlin,Gungahlin,Frequent All-Week Services,3,9
80104104023,Gungahlin,Gungahlin,Frequent All-Week Services,3,18
80104104024,Gungahlin,Gungahlin,Weekend Service Gap,1,9
80104104025,Gungahlin,Gungahlin,Weekend Service Gap,1,6
80104104026,Gungahlin,Gungahlin,Frequent All-Week Services,3,14
80104104027,Gungahlin,Gungahlin,Frequent All-Week Services,3,18
80104104028,Gungahlin,Gungahlin,Frequent All-Week Services,3,4
80104104029,Gungahlin,Gungahlin,Frequent All-Week Services,3,6
80104104030,Gungahlin,Gungahlin,Frequent All-Week Services,3,4
80104104031,Gungahlin,Gungahlin,Frequent All-Week Services,3,6
80104104032,Gungahlin,Gungahlin,Frequent All-Week Services,3,10
80104104301,Hall,Gungahlin,No Service,0,1
80104104302,Hall,Gungahlin,No Service,0,1
80104104401,Harrison,Gungahlin,Weekend Service Gap,1,5
80104104402,Harrison,Gungahlin,Weekend Service Gap,1,10
80104104404,Harrison,Gungahlin,Weekend Service Gap,1,13
80104104405,Harrison,Gungahlin,Weekend Service Gap,1,14
80104104409,Harrison,Gungahlin,Weekend Service Gap,1,12
80104104410,Harrison,Gungahlin,Weekend Service Gap,1,2
80104104411,Harrison,Gungahlin,Weekend Service Gap,1,11
80104104412,Harrison,Gungahlin,No Service,0,1
80104104413,Harrison,Gungahlin,Weekend Service Gap,1,12
80104104414,Harrison,Gungahlin,Weekend Service Gap,1,2
80104104415,Harrison,Gungahlin,No Service,0,1
80104104416,Harrison,Gungahlin,Weekend Service Gap,1,5
80104104417,Harrison,Gungahlin,Weekend Service Gap,1,7
80104104418,Harrison,Gungahlin,Standard Suburban Network,1,1
80104104419,Harrison,Gungahlin,No Service,0,1
80104104420,Harrison,Gungahlin,Weekend Service Gap,1,6
80104104421,Harrison,Gungahlin,No Service,0,1
80104104422,Harrison,Gungahlin,Weekend Service Gap,1,10
80104104423,Harrison,Gungahlin,Weekend Service Gap,1,4
80104104424,Harrison,Gungahlin,Weekend Service Gap,1,5
80104104425,Harrison,Gungahlin,Weekend Service Gap,1,10
80104104426,Harrison,Gungahlin,Weekend Service Gap,1,4
80104104502,Mitchell,Gungahlin,Standard Suburban Network,2,15
80104104503,Mitchell,Gungahlin,Standard Suburban Network,1,4
80104104504,Mitchell,Gungahlin,Standard Suburban Network,2,14
80104104601,Ngunnawal,Gungahlin,Frequent All-Week Services,3,10
80104104602,Ngunnawal,Gungahlin,Standard Suburban Network,1,16
80104104603,Ngunnawal,Gungahlin,Frequent All-Week Services,3,14
80104104604,Ngunnawal,Gungahlin,Standard Suburban Network,1,15
80104104605,Ngunnawal,Gungahlin,Standard Suburban Network,1,15
80104104606,Ngunnawal,Gungahlin,Standard Suburban Network,1,12
80104104607,Ngunnawal,Gungahlin,Frequent All-Week Services,3,10
80104104609,Ngunnawal,Gungahlin,Standard Suburban Network,2,16
80104104612,Ngunnawal,Gungahlin,Standard Suburban Network,2,23
80104104613,Ngunnawal,Gungahlin,Standard Suburban Network,2,17
80104104614,Ngunnawal,Gungahlin,Frequent All-Week Services,3,12
80104104616,Ngunnawal,Gungahlin,Standard Suburban Network,2,11
80104104617,Ngunnawal,Gungahlin,Standard Suburban Network,1,23
80104104618,Ngunnawal,Gungahlin,Standard Suburban Network,1,14
80104104619,Ngunnawal,Gungahlin,Standard Suburban Network,1,17
80104104620,Ngunnawal,Gungahlin,Standard Suburban Network,1,25
80104104621,Ngunnawal,Gungahlin,Standard Suburban Network,2,26
80104104622,Ngunnawal,Gungahlin,Standard Suburban Network,1,26
80104104623,Ngunnawal,Gungahlin,Standard Suburban Network,2,32
80104104624,Ngunnawal,Gungahlin,Frequent All-Week Services,3,41
80104104625,Ngunnawal,Gungahlin,Standard Suburban Network,1,11
80104104626,Ngunnawal,Gungahlin,Standard Suburban Network,1,33
80104104627,Ngunnawal,Gungahlin,Standard Suburban Network,2,16
80104104628,Ngunnawal,Gungahlin,Standard Suburban Network,2,17
80104104629,Ngunnawal,Gungahlin,Standard Suburban Network,2,11
80104104630,Ngunnawal,Gungahlin,Standard Suburban Network,2,16
80104104631,Ngunnawal,Gungahlin,Standard Suburban Network,2,13
80104104632,Ngunnawal,Gungahlin,Standard Suburban Network,2,14
80104104633,Ngunnawal,Gungahlin,Standard Suburban Network,2,10
80104104634,Ngunnawal,Gungahlin,Standard Suburban Network,2,15
80104104635,Ngunnawal,Gungahlin,Standard Suburban Network,2,16
80104104636,Ngunnawal,Gungahlin,Standard Suburban Network,1,19
80104104637,Ngunnawal,Gungahlin,Standard Suburban Network,2,22
80104104701,Nicholls,Gungahlin,Standard Suburban Network,1,9
80104104702,Nicholls,Gungahlin,Standard Suburban Network,2,16
80104104703,Nicholls,Gungahlin,Standard Suburban Network,1,12
80104104704,Nicholls,Gungahlin,Standard Suburban Network,1,10
80104104705,Nicholls,Gungahlin,Standard Suburban Network,2,14
80104104706,Nicholls,Gungahlin,Standard Suburban Network,2,24
80104104707,Nicholls,Gungahlin,Standard Suburban Network,1,18
80104104708,Nicholls,Gungahlin,Frequent All-Week Services,3,18
80104104709,Nicholls,Gungahlin,Frequent All-Week Services,3,27
80104104710,Nicholls,Gungahlin,Standard Suburban Network,2,17
80104104711,Nicholls,Gungahlin,Standard Suburban Network,2,15
80104104712,Nicholls,Gungahlin,Standard Suburban Network,2,16
80104104713,Nicholls,Gungahlin,Standard Suburban Network,2,15
80104104714,Nicholls,Gungahlin,Standard Suburban Network,1,6
80104104715,Nicholls,Gungahlin,Standard Suburban Network,2,13
80104104716,Nicholls,Gungahlin,Standard Suburban Network,2,9
80104104717,Nicholls,Gungahlin,Standard Suburban Network,1,15
80104104718,Nicholls,Gungahlin,Standard Suburban Network,1,19
80104104719,Nicholls,Gungahlin,Standard Suburban Network,2,13
80104104801,Palmerston,Gungahlin,Frequent All-Week Services,3,12
80104104802,Palmerston,Gungahlin,Standard Suburban Network,2,14
80104104803,Palmerston,Gungahlin,Standard Suburban Network,2,9
80104104804,Palmerston,Gungahlin,Standard Suburban Network,2,12
80104104805,Palmerston,Gungahlin,Standard Suburban Network,2,12
80104104806,Palmerston,Gungahlin,Standard Suburban Network,2,8
80104104807,Palmerston,Gungahlin,Standard Suburban Network,2,8
80104104808,Palmerston,Gungahlin,Frequent All-Week Services,3,11
80104104809,Palmerston,Gungahlin,Frequent All-Week Services,3,14
80104104810,Palmerston,Gungahlin,Frequent All-Week Services,3,15
80104104811,Palmerston,Gungahlin,Frequent All-Week Services,3,13
80104104812,Palmerston,Gungahlin,Standard Suburban Network,2,14
80104104813,Palmerston,Gungahlin,Standard Suburban Network,2,18
80104104814,Palmerston,Gungahlin,Frequent All-Week Services,3,17
80104111601,Gungahlin - East,Gungahlin,Weekend Service Gap,1,22
80104111702,Gungahlin - West,Gungahlin,Weekend Service Gap,1,2
80104111801,Jacka,Gungahlin,Weekend Service Gap,1,7
80104111803,Jacka,Gungahlin,Weekend Service Gap,1,10
80104111901,Kenny,Gungahlin,Frequent All-Week Services,3,18
80104112001,Moncrieff,Gungahlin,Standard Suburban Network,2,14
80104112003,Moncrieff,Gungahlin,Standard Suburban Network,2,10
80104112005,Moncrieff,Gungahlin,Standard Suburban Network,2,6
80104112006,Moncrieff,Gungahlin,Standard Suburban Network,2,11
80104112007,Moncrieff,Gungahlin,Standard Suburban Network,2,6
80104112008,Moncrieff,Gungahlin,Weekend Service Gap,1,8
80104112009,Moncrieff,Gungahlin,Standard Suburban Network,2,8
80104112010,Moncrieff,Gungahlin,Standard Suburban Network,2,9
80104112011,Moncrieff,Gungahlin,Standard Suburban Network,2,8
80104112012,Moncrieff,Gungahlin,Standard Suburban Network,2,6
80104112013,Moncrieff,Gungahlin,Standard Suburban Network,2,17
80104112014,Moncrieff,Gungahlin,Standard Suburban Network,2,33
80104112015,Moncrieff,Gungahlin,Standard Suburban Network,2,12
80104112102,Taylor,Gungahlin,Weekend Service Gap,1,8
80104112103,Taylor,Gungahlin,Weekend Service Gap,1,4
80104112104,Taylor,Gungahlin,Weekend Service Gap,1,8
80104112105,Taylor,Gungahlin,Weekend Service Gap,1,6
80104112106,Taylor,Gungahlin,Weekend Service Gap,1,4
80104112107,Taylor,Gungahlin,Weekend Service Gap,1,8
80104112108,Taylor,Gungahlin,Weekend Service Gap,1,10
80104112109,Taylor,Gungahlin,Weekend Service Gap,1,4
80104112110,Taylor,Gungahlin,Weekend Service Gap,1,6
80104112111,Taylor,Gungahlin,Weekend Service Gap,1,8
80104112112,Taylor,Gungahlin,Weekend Service Gap,1,10
80104112113,Taylor,Gungahlin,Weekend Service Gap,1,4
80104112114,Taylor,Gungahlin,Weekend Service Gap,1,4
80104112115,Taylor,Gungahlin,Weekend Service Gap,1,8
80104112202,Throsby,Gungahlin,Weekend Service Gap,1,8
80104112203,Throsby,Gungahlin,Weekend Service Gap,1,10
80104112204,Throsby,Gungahlin,Weekend Service Gap,1,5
80104112205,Throsby,Gungahlin,Weekend Service Gap,1,6
80104112206,Throsby,Gungahlin,Weekend Service Gap,1,6
80104112207,Throsby,Gungahlin,Weekend Service Gap,1,12
80104112208,Throsby,Gungahlin,Weekend Service Gap,1,4
80104112209,Throsby,Gungahlin,Weekend Service Gap,1,4
80105104901,Acton,North Canberra,High-Frequency Core Corridors,3,25
80105104902,Acton,North Canberra,High-Frequency Core Corridors,3,13
80105104903,Acton,North Canberra,High-Frequency Core Corridors,3,8
80105104904,Acton,North Canberra,No Service,0,1
80105105001,Ainslie,North Canberra,Standard Suburban Network,1,18
80105105002,Ainslie,North Canberra,Standard Suburban Network,1,12
80105105003,Ainslie,North Canberra,Standard Suburban Network,1,16
80105105004,Ainslie,North Canberra,Standard Suburban Network,1,12
80105105005,Ainslie,North Canberra,Standard Suburban Network,1,14
80105105006,Ainslie,North Canberra,Standard Suburban Network,2,17
80105105007,Ainslie,North Canberra,Standard Suburban Network,1,12
80105105008,Ainslie,North Canberra,Standard Suburban Network,1,17
80105105011,Ainslie,North Canberra,Standard Suburban Network,1,15
80105105012,Ainslie,North Canberra,Standard Suburban Network,1,11
80105105013,Ainslie,North Canberra,Standard Suburban Network,1,22
80105105014,Ainslie,North Canberra,Standard Suburban Network,1,9
80105105015,Ainslie,North Canberra,Standard Suburban Network,1,15
80105105016,Ainslie,North Canberra,Standard Suburban Network,1,19
80105105017,Ainslie,North Canberra,Standard Suburban Network,1,19
80105105018,Ainslie,North Canberra,Standard Suburban Network,1,19
80105105101,Braddon,North Canberra,High-Frequency Core Corridors,4,16
80105105102,Braddon,North Canberra,Standard Suburban Network,2,21
80105105105,Braddon,North Canberra,High-Frequency Core Corridors,4,23
80105105109,Braddon,North Canberra,Standard Suburban Network,1,9
80105105110,Braddon,North Canberra,Standard Suburban Network,1,10
80105105111,Braddon,North Canberra,Standard Suburban Network,1,10
80105105112,Braddon,North Canberra,Standard Suburban Network,1,4
80105105113,Braddon,North Canberra,Standard Suburban Network,1,10
80105105114,Braddon,North Canberra,Standard Suburban Network,1,4
80105105115,Braddon,North Canberra,High-Frequency Core Corridors,4,30
80105105116,Braddon,North Canberra,Standard Suburban Network,1,8
80105105117,Braddon,North Canberra,Standard Suburban Network,1,13
80105105118,Braddon,North Canberra,No Service,0,1
80105105119,Braddon,North Canberra,High-Frequency Core Corridors,4,21
80105105120,Braddon,North Canberra,High-Frequency Core Corridors,4,19
80105105301,Civic,North Canberra,High-Frequency Core Corridors,3,7
80105105302,Civic,North Canberra,High-Frequency Core Corridors,4,25
80105105305,Civic,North Canberra,High-Frequency Core Corridors,3,7
80105105306,Civic,North Canberra,High-Frequency Core Corridors,4,8
80105105307,Civic,North Canberra,High-Frequency Core Corridors,3,8
80105105308,Civic,North Canberra,High-Frequency Core Corridors,3,11
80105105311,Civic,North Canberra,High-Frequency Core Corridors,4,18
80105105312,Civic,North Canberra,High-Frequency Core Corridors,4,30
80105105313,Civic,North Canberra,High-Frequency Core Corridors,4,21
80105105314,Civic,North Canberra,High-Frequency Core Corridors,4,16
80105105404,Dickson,North Canberra,Frequent All-Week Services,2,12
80105105405,Dickson,North Canberra,Frequent All-Week Services,2,22
80105105406,Dickson,North Canberra,Frequent All-Week Services,2,19
80105105407,Dickson,North Canberra,Frequent All-Week Services,2,13
80105105408,Dickson,North Canberra,Standard Suburban Network,1,4
80105105409,Dickson,North Canberra,Frequent All-Week Services,2,20
80105105410,Dickson,North Canberra,Standard Suburban Network,1,6
80105105501,Downer,North Canberra,Frequent All-Week Services,2,24
80105105502,Downer,North Canberra,Standard Suburban Network,1,5
80105105503,Downer,North Canberra,Standard Suburban Network,1,10
80105105504,Downer,North Canberra,Frequent All-Week Services,2,19
80105105505,Downer,North Canberra,Frequent All-Week Services,2,22
80105105506,Downer,North Canberra,Frequent All-Week Services,2,21
80105105507,Downer,North Canberra,Frequent All-Week Services,2,16
80105105508,Downer,North Canberra,Frequent All-Week Services,2,14
80105105509,Downer,North Canberra,Standard Suburban Network,1,10
80105105601,Hackett,North Canberra,Frequent All-Week Services,2,24
80105105602,Hackett,North Canberra,Standard Suburban Network,1,18
80105105603,Hackett,North Canberra,Standard Suburban Network,1,6
80105105604,Hackett,North Canberra,Standard Suburban Network,1,15
80105105605,Hackett,North Canberra,Standard Suburban Network,1,9
80105105606,Hackett,North Canberra,Standard Suburban Network,1,6
80105105607,Hackett,North Canberra,Standard Suburban Network,1,12
80105105701,Lyneham,North Canberra,Frequent All-Week Services,2,31
80105105702,Lyneham,North Canberra,Frequent All-Week Services,2,13
80105105703,Lyneham,North Canberra,Standard Suburban Network,1,5
80105105704,Lyneham,North Canberra,Standard Suburban Network,1,5
80105105705,Lyneham,North Canberra,Standard Suburban Network,1,8
80105105706,Lyneham,North Canberra,Frequent All-Week Services,2,13
80105105708,Lyneham,North Canberra,Frequent All-Week Services,2,22
80105105709,Lyneham,North Canberra,Frequent All-Week Services,2,23
80105105711,Lyneham,North Canberra,Frequent All-Week Services,2,10
80105105712,Lyneham,North Canberra,Frequent All-Week Services,2,3
80105105713,Lyneham,North Canberra,Frequent All-Week Services,2,25
80105105714,Lyneham,North Canberra,Frequent All-Week Services,2,22
80105105715,Lyneham,North Canberra,Frequent All-Week Services,2,3
80105105801,O'Connor (ACT),North Canberra,Standard Suburban Network,1,16
80105105802,O'Connor (ACT),North Canberra,Standard Suburban Network,1,16
80105105803,O'Connor (ACT),North Canberra,Standard Suburban Network,1,10
80105105804,O'Connor (ACT),North Canberra,Standard Suburban Network,1,14
80105105805,O'Connor (ACT),North Canberra,Standard Suburban Network,1,15
80105105806,O'Connor (ACT),North Canberra,Standard Suburban Network,1,18
80105105807,O'Connor (ACT),North Canberra,Standard Suburban Network,1,15
80105105808,O'Connor (ACT),North Canberra,Standard Suburban Network,1,8
80105105809,O'Connor (ACT),North Canberra,Standard Suburban Network,1,14
80105105810,O'Connor (ACT),North Canberra,Standard Suburban Network,1,11
80105105811,O'Connor (ACT),North Canberra,Standard Suburban Network,1,16
80105105812,O'Connor (ACT),North Canberra,Standard Suburban Network,1,9
80105105813,O'Connor (ACT),North Canberra,Standard Suburban Network,1,10
80105105814,O'Connor (ACT),North Canberra,Standard Suburban Network,1,4
80105106003,Turner,North Canberra,Standard Suburban Network,1,5
80105106006,Turner,North Canberra,High-Frequency Core Corridors,3,20
80105106007,Turner,North Canberra,High-Frequency Core Corridors,3,20
80105106008,Turner,North Canberra,High-Frequency Core Corridors,4,14
80105106009,Turner,North Canberra,Standard Suburban Network,1,4
80105106010,Turner,North Canberra,Standard Suburban Network,1,2
80105106011,Turner,North Canberra,Standard Suburban Network,1,6
80105106012,Turner,North Canberra,Standard Suburban Network,1,9
80105106013,Turner,North Canberra,High-Frequency Core Corridors,4,14
80105106014,Turner,North Canberra,No Service,0,1
80105106015,Turner,North Canberra,Standard Suburban Network,1,2
80105106101,Watson,North Canberra,Frequent All-Week Services,2,19
80105106102,Watson,North Canberra,Frequent All-Week Services,2,11
80105106103,Watson,North Canberra,Frequent All-Week Services,2,10
80105106106,Watson,North Canberra,Standard Suburban Network,1,12
80105106107,Watson,North Canberra,Frequent All-Week Services,2,19
80105106108,Watson,North Canberra,Frequent All-Week Services,2,17
80105106109,Watson,North Canberra,Frequent All-Week Services,2,17
80105106110,Watson,North Canberra,Frequent All-Week Services,2,11
80105106111,Watson,North Canberra,Frequent All-Week Services,2,15
80105106112,Watson,North Canberra,Frequent All-Week Services,2,16
80105106113,Watson,North Canberra,Frequent All-Week Services,1,8
80105106114,Watson,North Canberra,Frequent All-Week Services,2,8
80105106116,Watson,North Canberra,Standard Suburban Network,1,4
80105106117,Watson,North Canberra,Frequent All-Week Services,2,8
80105106118,Watson,North Canberra,Standard Suburban Network,1,8
80105106119,Watson,North Canberra,Frequent All-Week Services,2,10
80105106120,Watson,North Canberra,Frequent All-Week Services,2,8
80105106121,Watson,North Canberra,Frequent All-Week Services,2,8
80105112301,Black Mountain,North Canberra,Standard Suburban Network,1,6
80105112401,Campbell,North Canberra,Frequent All-Week Services,3,26
80105112402,Campbell,North Canberra,Weekend Service Gap,1,26
80105112403,Campbell,North Canberra,Weekend Service Gap,1,21
80105112404,Campbell,North Canberra,Weekend Service Gap,1,18
80105112405,Campbell,North Canberra,Standard Suburban Network,2,32
80105112406,Campbell,North Canberra,Frequent All-Week Services,3,21
80105112407,Campbell,North Canberra,Frequent All-Week Services,3,19
80105112408,Campbell,North Canberra,Frequent All-Week Services,3,14
80105112410,Campbell,North Canberra,Frequent All-Week Services,2,6
80105112411,Campbell,North Canberra,Frequent All-Week Services,3,10
80105112501,Duntroon,North Canberra,Frequent All-Week Services,3,19
80105112502,Duntroon,North Canberra,Weekend Service Gap,1,11
80105112601,Parkes (ACT) - North,North Canberra,High-Frequency Core Corridors,4,19
80105112602,Parkes (ACT) - North,North Canberra,Frequent All-Week Services,3,6
80105112701,Reid,North Canberra,Standard Suburban Network,2,22
80105112702,Reid,North Canberra,Standard Suburban Network,2,13
80105112703,Reid,North Canberra,Frequent All-Week Services,3,16
80105112704,Reid,North Canberra,Standard Suburban Network,2,20
80105112801,Russell,North Canberra,Frequent All-Week Services,3,10
80106106201,Deakin,South Canberra,Standard Suburban Network,1,16
80106106202,Deakin,South Canberra,Standard Suburban Network,1,24
80106106203,Deakin,South Canberra,High-Frequency Core Corridors,2,29
80106106204,Deakin,South Canberra,Standard Suburban Network,1,16
80106106205,Deakin,South Canberra,Standard Suburban Network,1,18
80106106206,Deakin,South Canberra,High-Frequency Core Corridors,2,15
80106106207,Deakin,South Canberra,Standard Suburban Network,1,15
80106106208,Deakin,South Canberra,Standard Suburban Network,1,18
80106106209,Deakin,South Canberra,Standard Suburban Network,1,13
80106106301,Forrest,South Canberra,Frequent All-Week Services,2,15
80106106302,Forrest,South Canberra,Standard Suburban Network,1,2
80106106303,Forrest,South Canberra,Standard Suburban Network,1,14
80106106304,Forrest,South Canberra,Standard Suburban Network,1,8
80106106401,Griffith (ACT),South Canberra,Frequent All-Week Services,2,10
80106106402,Griffith (ACT),South Canberra,High-Frequency Core Corridors,3,18
80106106403,Griffith (ACT),South Canberra,High-Frequency Core Corridors,3,16
80106106405,Griffith (ACT),South Canberra,Frequent All-Week Services,2,13
80106106407,Griffith (ACT),South Canberra,Frequent All-Week Services,2,13
80106106409,Griffith (ACT),South Canberra,Frequent All-Week Services,2,7
80106106410,Griffith (ACT),South Canberra,Frequent All-Week Services,2,8
80106106411,Griffith (ACT),South Canberra,High-Frequency Core Corridors,3,18
80106106413,Griffith (ACT),South Canberra,Frequent All-Week Services,2,8
80106106414,Griffith (ACT),South Canberra,Frequent All-Week Services,2,11
80106106415,Griffith (ACT),South Canberra,Standard Suburban Network,1,13
80106106416,Griffith (ACT),South Canberra,Standard Suburban Network,1,9
80106106417,Griffith (ACT),South Canberra,Frequent All-Week Services,2,7
80106106418,Griffith (ACT),South Canberra,High-Frequency Core Corridors,3,14
80106106419,Griffith (ACT),South Canberra,High-Frequency Core Corridors,1,6
80106106420,Griffith (ACT),South Canberra,High-Frequency Core Corridors,1,7
80106106601,Lake Burley Griffin,South Canberra,High-Frequency Core Corridors,4,30
80106106701,Narrabundah,South Canberra,High-Frequency Core Corridors,3,17
80106106702,Narrabundah,South Canberra,Frequent All-Week Services,2,14
80106106703,Narrabundah,South Canberra,High-Frequency Core Corridors,3,15
80106106704,Narrabundah,South Canberra,High-Frequency Core Corridors,2,11
80106106705,Narrabundah,South Canberra,High-Frequency Core Corridors,2,17
80106106706,Narrabundah,South Canberra,High-Frequency Core Corridors,2,19
80106106707,Narrabundah,South Canberra,Frequent All-Week Services,2,13
80106106708,Narrabundah,South Canberra,Frequent All-Week Services,2,19
80106106709,Narrabundah,South Canberra,Frequent All-Week Services,2,10
80106106710,Narrabundah,South Canberra,Frequent All-Week Services,2,18
80106106712,Narrabundah,South Canberra,Frequent All-Week Services,2,14
80106106713,Narrabundah,South Canberra,Standard Suburban Network,1,9
80106106714,Narrabundah,South Canberra,Frequent All-Week Services,2,7
80106106715,Narrabundah,South Canberra,Frequent All-Week Services,2,16
80106106716,Narrabundah,South Canberra,High-Frequency Core Corridors,3,12
80106106717,Narrabundah,South Canberra,High-Frequency Core Corridors,3,23
80106106718,Narrabundah,South Canberra,Frequent All-Week Services,2,7
80106106719,Narrabundah,South Canberra,Frequent All-Week Services,1,4
80106106801,Parkes (ACT) - South,South Canberra,High-Frequency Core Corridors,3,29
80106106901,Red Hill (ACT),South Canberra,Standard Suburban Network,1,7
80106106902,Red Hill (ACT),South Canberra,Standard Suburban Network,1,14
80106106903,Red Hill (ACT),South Canberra,Standard Suburban Network,1,10
80106106904,Red Hill (ACT),South Canberra,Standard Suburban Network,1,11
80106106905,Red Hill (ACT),South Canberra,Frequent All-Week Services,2,14
80106106906,Red Hill (ACT),South Canberra,Standard Suburban Network,1,21
80106106907,Red Hill (ACT),South Canberra,Standard Suburban Network,1,17
80106106908,Red Hill (ACT),South Canberra,Standard Suburban Network,1,16
80106106909,Red Hill (ACT),South Canberra,Standard Suburban Network,1,11
80106107001,Yarralumla,South Canberra,Standard Suburban Network,1,22
80106107002,Yarralumla,South Canberra,Standard Suburban Network,1,12
80106107003,Yarralumla,South Canberra,Standard Suburban Network,1,6
80106107004,Yarralumla,South Canberra,Standard Suburban Network,1,8
80106107005,Yarralumla,South Canberra,Standard Suburban Network,1,18
80106107006,Yarralumla,South Canberra,Standard Suburban Network,1,8
80106107007,Yarralumla,South Canberra,Standard Suburban Network,1,16
80106107008,Yarralumla,South Canberra,High-Frequency Core Corridors,3,19
80106112901,Barton,South Canberra,High-Frequency Core Corridors,3,11
80106112902,Barton,South Canberra,High-Frequency Core Corridors,3,16
80106112903,Barton,South Canberra,High-Frequency Core Corridors,3,17
80106113002,Fyshwick,South Canberra,High-Frequency Core Corridors,2,15
80106113003,Fyshwick,South Canberra,High-Frequency Core Corridors,2,15
80106113004,Fyshwick,South Canberra,Standard Suburban Network,1,8
80106113005,Fyshwick,South Canberra,High-Frequency Core Corridors,2,3
80106113006,Fyshwick,South Canberra,Frequent All-Week Services,2,3
80106113007,Fyshwick,South Canberra,High-Frequency Core Corridors,2,25
80106113101,Kingston (ACT),South Canberra,High-Frequency Core Corridors,3,8
80106113103,Kingston (ACT),South Canberra,High-Frequency Core Corridors,3,15
80106113104,Kingston (ACT),South Canberra,High-Frequency Core Corridors,3,10
80106113106,Kingston (ACT),South Canberra,High-Frequency Core Corridors,3,7
80106113107,Kingston (ACT),South Canberra,High-Frequency Core Corridors,3,12
80106113108,Kingston (ACT),South Canberra,High-Frequency Core Corridors,3,8
80106113109,Kingston (ACT),South Canberra,High-Frequency Core Corridors,3,10
80106113111,Kingston (ACT),South Canberra,High-Frequency Core Corridors,3,9
80106113112,Kingston (ACT),South Canberra,High-Frequency Core Corridors,1,6
80106113113,Kingston (ACT),South Canberra,High-Frequency Core Corridors,3,3
80106113114,Kingston (ACT),South Canberra,High-Frequency Core Corridors,3,10
80106113115,Kingston (ACT),South Canberra,High-Frequency Core Corridors,3,9
80106113116,Kingston (ACT),South Canberra,High-Frequency Core Corridors,3,6
80106113117,Kingston (ACT),South Canberra,High-Frequency Core Corridors,3,6
80106113118,Kingston (ACT),South Canberra,High-Frequency Core Corridors,3,11
80106113119,Kingston (ACT),South Canberra,High-Frequency Core Corridors,3,11
80107107101,Banks,Tuggeranong,Standard Suburban Network,1,10
80107107102,Banks,Tuggeranong,Standard Suburban Network,1,8
80107107104,Banks,Tuggeranong,Standard Suburban Network,1,11
80107107105,Banks,Tuggeranong,Standard Suburban Network,1,17
80107107106,Banks,Tuggeranong,Standard Suburban Network,1,20
80107107107,Banks,Tuggeranong,Standard Suburban Network,1,16
80107107108,Banks,Tuggeranong,Standard Suburban Network,1,21
80107107109,Banks,Tuggeranong,Standard Suburban Network,1,19
80107107110,Banks,Tuggeranong,Standard Suburban Network,1,16
80107107111,Banks,Tuggeranong,Standard Suburban Network,1,16
80107107112,Banks,Tuggeranong,Standard Suburban Network,1,19
80107107113,Banks,Tuggeranong,Standard Suburban Network,1,9
80107107114,Banks,Tuggeranong,Standard Suburban Network,1,17
80107107202,Bonython,Tuggeranong,Standard Suburban Network,2,18
80107107203,Bonython,Tuggeranong,Standard Suburban Network,2,14
80107107204,Bonython,Tuggeranong,Standard Suburban Network,2,11
80107107205,Bonython,Tuggeranong,Standard Suburban Network,2,13
80107107206,Bonython,Tuggeranong,Standard Suburban Network,2,10
80107107207,Bonython,Tuggeranong,Standard Suburban Network,2,13
80107107208,Bonython,Tuggeranong,Standard Suburban Network,2,13
80107107209,Bonython,Tuggeranong,Standard Suburban Network,2,17
80107107210,Bonython,Tuggeranong,Standard Suburban Network,2,12
80107107211,Bonython,Tuggeranong,Standard Suburban Network,2,8
80107107301,Calwell,Tuggeranong,High-Frequency Core Corridors,2,12
80107107302,Calwell,Tuggeranong,High-Frequency Core Corridors,2,15
80107107303,Calwell,Tuggeranong,High-Frequency Core Corridors,2,16
80107107304,Calwell,Tuggeranong,High-Frequency Core Corridors,2,12
80107107307,Calwell,Tuggeranong,Standard Suburban Network,1,18
80107107308,Calwell,Tuggeranong,High-Frequency Core Corridors,2,13
80107107309,Calwell,Tuggeranong,High-Frequency Core Corridors,2,17
80107107310,Calwell,Tuggeranong,High-Frequency Core Corridors,2,8
80107107311,Calwell,Tuggeranong,High-Frequency Core Corridors,3,17
80107107312,Calwell,Tuggeranong,High-Frequency Core Corridors,2,14
80107107313,Calwell,Tuggeranong,High-Frequency Core Corridors,2,10
80107107314,Calwell,Tuggeranong,High-Frequency Core Corridors,2,14
80107107315,Calwell,Tuggeranong,High-Frequency Core Corridors,2,14
80107107316,Calwell,Tuggeranong,High-Frequency Core Corridors,2,20
80107107317,Calwell,Tuggeranong,High-Frequency Core Corridors,2,12
80107107401,Chisholm,Tuggeranong,Standard Suburban Network,2,17
80107107402,Chisholm,Tuggeranong,Standard Suburban Network,2,20
80107107403,Chisholm,Tuggeranong,Standard Suburban Network,2,22
80107107404,Chisholm,Tuggeranong,Standard Suburban Network,2,14
80107107405,Chisholm,Tuggeranong,Standard Suburban Network,2,18
80107107406,Chisholm,Tuggeranong,Standard Suburban Network,2,26
80107107407,Chisholm,Tuggeranong,Standard Suburban Network,2,18
80107107408,Chisholm,Tuggeranong,Standard Suburban Network,2,17
80107107409,Chisholm,Tuggeranong,Standard Suburban Network,2,22
80107107410,Chisholm,Tuggeranong,Weekend Service Gap,1,10
80107107411,Chisholm,Tuggeranong,Weekend Service Gap,1,12
80107107412,Chisholm,Tuggeranong,Standard Suburban Network,2,22
80107107413,Chisholm,Tuggeranong,Standard Suburban Network,2,18
80107107502,Conder,Tuggeranong,High-Frequency Core Corridors,2,12
80107107503,Conder,Tuggeranong,Standard Suburban Network,1,12
80107107504,Conder,Tuggeranong,High-Frequency Core Corridors,2,19
80107107505,Conder,Tuggeranong,Standard Suburban Network,1,9
80107107506,Conder,Tuggeranong,Standard Suburban Network,1,22
80107107507,Conder,Tuggeranong,Standard Suburban Network,1,27
80107107508,Conder,Tuggeranong,Standard Suburban Network,1,14
80107107509,Conder,Tuggeranong,Standard Suburban Network,1,9
80107107510,Conder,Tuggeranong,Standard Suburban Network,1,22
80107107512,Conder,Tuggeranong,High-Frequency Core Corridors,2,8
80107107513,Conder,Tuggeranong,Standard Suburban Network,1,16
80107107514,Conder,Tuggeranong,High-Frequency Core Corridors,2,12
80107107515,Conder,Tuggeranong,Standard Suburban Network,1,10
80107107516,Conder,Tuggeranong,High-Frequency Core Corridors,2,9
80107107517,Conder,Tuggeranong,Standard Suburban Network,1,11
80107107601,Fadden,Tuggeranong,Standard Suburban Network,2,12
80107107602,Fadden,Tuggeranong,Weekend Service Gap,1,11
80107107603,Fadden,Tuggeranong,Standard Suburban Network,2,15
80107107604,Fadden,Tuggeranong,Standard Suburban Network,2,10
80107107605,Fadden,Tuggeranong,Weekend Service Gap,1,10
80107107606,Fadden,Tuggeranong,Standard Suburban Network,2,12
80107107607,Fadden,Tuggeranong,Standard Suburban Network,2,24
80107107608,Fadden,Tuggeranong,Standard Suburban Network,2,13
80107107609,Fadden,Tuggeranong,Weekend Service Gap,1,9
80107107701,Gilmore,Tuggeranong,Standard Suburban Network,2,18
80107107702,Gilmore,Tuggeranong,Standard Suburban Network,2,18
80107107703,Gilmore,Tuggeranong,Standard Suburban Network,2,18
80107107704,Gilmore,Tuggeranong,Standard Suburban Network,2,12
80107107705,Gilmore,Tuggeranong,Weekend Service Gap,1,12
80107107706,Gilmore,Tuggeranong,Weekend Service Gap,1,8
80107107707,Gilmore,Tuggeranong,Weekend Service Gap,1,8
80107107708,Gilmore,Tuggeranong,Weekend Service Gap,1,10
80107107801,Gordon (ACT),Tuggeranong,Standard Suburban Network,1,14
80107107802,Gordon (ACT),Tuggeranong,Standard Suburban Network,1,9
80107107803,Gordon (ACT),Tuggeranong,Standard Suburban Network,1,13
80107107804,Gordon (ACT),Tuggeranong,Standard Suburban Network,1,11
80107107805,Gordon (ACT),Tuggeranong,Standard Suburban Network,1,10
80107107806,Gordon (ACT),Tuggeranong,Standard Suburban Network,1,8
80107107807,Gordon (ACT),Tuggeranong,High-Frequency Core Corridors,2,13
80107107808,Gordon (ACT),Tuggeranong,High-Frequency Core Corridors,2,13
80107107809,Gordon (ACT),Tuggeranong,High-Frequency Core Corridors,2,16
80107107810,Gordon (ACT),Tuggeranong,High-Frequency Core Corridors,2,21
80107107811,Gordon (ACT),Tuggeranong,High-Frequency Core Corridors,2,20
80107107812,Gordon (ACT),Tuggeranong,Standard Suburban Network,1,14
80107107813,Gordon (ACT),Tuggeranong,Standard Suburban Network,1,8
80107107814,Gordon (ACT),Tuggeranong,Standard Suburban Network,1,14
80107107815,Gordon (ACT),Tuggeranong,Standard Suburban Network,1,7
80107107816,Gordon (ACT),Tuggeranong,Standard Suburban Network,1,11
80107107817,Gordon (ACT),Tuggeranong,Standard Suburban Network,2,8
80107107818,Gordon (ACT),Tuggeranong,High-Frequency Core Corridors,3,15
80107107819,Gordon (ACT),Tuggeranong,Standard Suburban Network,1,12
80107107820,Gordon (ACT),Tuggeranong,High-Frequency Core Corridors,2,16
80107107821,Gordon (ACT),Tuggeranong,Standard Suburban Network,1,11
80107107901,Gowrie (ACT),Tuggeranong,High-Frequency Core Corridors,3,18
80107107902,Gowrie (ACT),Tuggeranong,High-Frequency Core Corridors,2,24
80107107903,Gowrie (ACT),Tuggeranong,High-Frequency Core Corridors,2,21
80107107904,Gowrie (ACT),Tuggeranong,Standard Suburban Network,2,10
80107107905,Gowrie (ACT),Tuggeranong,Standard Suburban Network,2,10
80107107906,Gowrie (ACT),Tuggeranong,Standard Suburban Network,2,22
80107107907,Gowrie (ACT),Tuggeranong,High-Frequency Core Corridors,3,20
80107107908,Gowrie (ACT),Tuggeranong,High-Frequency Core Corridors,3,15
80107107909,Gowrie (ACT),Tuggeranong,High-Frequency Core Corridors,2,20
80107108002,Greenway,Tuggeranong,High-Frequency Core Corridors,2,11
80107108003,Greenway,Tuggeranong,Standard Suburban Network,1,12
80107108006,Greenway,Tuggeranong,High-Frequency Core Corridors,3,20
80107108007,Greenway,Tuggeranong,High-Frequency Core Corridors,3,19
80107108008,Greenway,Tuggeranong,Standard Suburban Network,2,18
80107108009,Greenway,Tuggeranong,High-Frequency Core Corridors,3,10
80107108010,Greenway,Tuggeranong,High-Frequency Core Corridors,3,35
80107108011,Greenway,Tuggeranong,High-Frequency Core Corridors,3,10
80107108012,Greenway,Tuggeranong,Standard Suburban Network,2,19
80107108013,Greenway,Tuggeranong,Standard Suburban Network,2,8
80107108014,Greenway,Tuggeranong,Standard Suburban Network,2,10
80107108015,Greenway,Tuggeranong,Standard Suburban Network,2,12
80107108016,Greenway,Tuggeranong,Standard Suburban Network,2,12
80107108101,Isabella Plains,Tuggeranong,Standard Suburban Network,2,17
80107108102,Isabella Plains,Tuggeranong,High-Frequency Core Corridors,3,17
80107108103,Isabella Plains,Tuggeranong,Standard Suburban Network,2,14
80107108104,Isabella Plains,Tuggeranong,High-Frequency Core Corridors,3,13
80107108105,Isabella Plains,Tuggeranong,Standard Suburban Network,2,12
80107108106,Isabella Plains,Tuggeranong,Standard Suburban Network,2,19
80107108107,Isabella Plains,Tuggeranong,High-Frequency Core Corridors,3,11
80107108108,Isabella Plains,Tuggeranong,High-Frequency Core Corridors,3,22
80107108109,Isabella Plains,Tuggeranong,High-Frequency Core Corridors,2,14
80107108111,Isabella Plains,Tuggeranong,High-Frequency Core Corridors,3,12
80107108112,Isabella Plains,Tuggeranong,Standard Suburban Network,2,7
80107108113,Isabella Plains,Tuggeranong,Standard Suburban Network,2,11
80107108114,Isabella Plains,Tuggeranong,Standard Suburban Network,2,15
80107108201,Kambah,Tuggeranong,High-Frequency Core Corridors,2,8
80107108202,Kambah,Tuggeranong,Standard Suburban Network,1,7
80107108203,Kambah,Tuggeranong,Standard Suburban Network,1,19
80107108204,Kambah,Tuggeranong,Standard Suburban Network,1,8
80107108205,Kambah,Tuggeranong,Standard Suburban Network,1,12
80107108206,Kambah,Tuggeranong,Standard Suburban Network,1,10
80107108207,Kambah,Tuggeranong,Standard Suburban Network,1,18
80107108208,Kambah,Tuggeranong,High-Frequency Core Corridors,2,4
80107108209,Kambah,Tuggeranong,High-Frequency Core Corridors,1,2
80107108210,Kambah,Tuggeranong,Standard Suburban Network,1,10
80107108211,Kambah,Tuggeranong,Standard Suburban Network,1,6
80107108212,Kambah,Tuggeranong,Standard Suburban Network,1,12
80107108213,Kambah,Tuggeranong,High-Frequency Core Corridors,2,18
80107108214,Kambah,Tuggeranong,High-Frequency Core Corridors,2,12
80107108215,Kambah,Tuggeranong,High-Frequency Core Corridors,2,18
80107108216,Kambah,Tuggeranong,Standard Suburban Network,1,12
80107108217,Kambah,Tuggeranong,Standard Suburban Network,1,12
80107108218,Kambah,Tuggeranong,Standard Suburban Network,1,8
80107108219,Kambah,Tuggeranong,Standard Suburban Network,1,12
80107108220,Kambah,Tuggeranong,Standard Suburban Network,1,6
80107108221,Kambah,Tuggeranong,Standard Suburban Network,1,6
80107108222,Kambah,Tuggeranong,Standard Suburban Network,1,8
80107108223,Kambah,Tuggeranong,Standard Suburban Network,1,6
80107108224,Kambah,Tuggeranong,Standard Suburban Network,1,12
80107108225,Kambah,Tuggeranong,Standard Suburban Network,1,9
80107108226,Kambah,Tuggeranong,Standard Suburban Network,1,14
80107108227,Kambah,Tuggeranong,Standard Suburban Network,1,14
80107108228,Kambah,Tuggeranong,No Service,0,1
80107108229,Kambah,Tuggeranong,Standard Suburban Network,1,4
80107108230,Kambah,Tuggeranong,Standard Suburban Network,1,4
80107108231,Kambah,Tuggeranong,Standard Suburban Network,1,8
80107108232,Kambah,Tuggeranong,No Service,0,1
80107108233,Kambah,Tuggeranong,High-Frequency Core Corridors,2,6
80107108234,Kambah,Tuggeranong,Standard Suburban Network,1,15
80107108235,Kambah,Tuggeranong,Standard Suburban Network,1,15
80107108236,Kambah,Tuggeranong,Standard Suburban Network,1,13
80107108237,Kambah,Tuggeranong,Standard Suburban Network,1,2
80107108238,Kambah,Tuggeranong,No Service,0,1
80107108239,Kambah,Tuggeranong,Standard Suburban Network,1,6
80107108240,Kambah,Tuggeranong,No Service,0,1
80107108241,Kambah,Tuggeranong,High-Frequency Core Corridors,1,4
80107108301,Macarthur,Tuggeranong,Standard Suburban Network,2,12
80107108302,Macarthur,Tuggeranong,Standard Suburban Network,2,2
80107108303,Macarthur,Tuggeranong,Standard Suburban Network,2,11
80107108401,Monash,Tuggeranong,High-Frequency Core Corridors,3,20
80107108402,Monash,Tuggeranong,High-Frequency Core Corridors,3,20
80107108403,Monash,Tuggeranong,Standard Suburban Network,2,18
80107108404,Monash,Tuggeranong,Standard Suburban Network,1,19
80107108405,Monash,Tuggeranong,Standard Suburban Network,2,12
80107108406,Monash,Tuggeranong,Standard Suburban Network,2,14
80107108407,Monash,Tuggeranong,Standard Suburban Network,2,16
80107108408,Monash,Tuggeranong,High-Frequency Core Corridors,2,16
80107108409,Monash,Tuggeranong,Standard Suburban Network,2,10
80107108410,Monash,Tuggeranong,Standard Suburban Network,1,14
80107108411,Monash,Tuggeranong,Standard Suburban Network,1,14
80107108412,Monash,Tuggeranong,Standard Suburban Network,1,18
80107108413,Monash,Tuggeranong,Standard Suburban Network,1,20
80107108414,Monash,Tuggeranong,Standard Suburban Network,1,14
80107108415,Monash,Tuggeranong,High-Frequency Core Corridors,3,22
80107108417,Monash,Tuggeranong,High-Frequency Core Corridors,2,14
80107108418,Monash,Tuggeranong,High-Frequency Core Corridors,2,20
80107108419,Monash,Tuggeranong,Standard Suburban Network,1,19
80107108420,Monash,Tuggeranong,Standard Suburban Network,2,14
80107108501,Mount Taylor,Tuggeranong,High-Frequency Core Corridors,3,31
80107108601,Oxley (ACT),Tuggeranong,Standard Suburban Network,1,14
80107108602,Oxley (ACT),Tuggeranong,Standard Suburban Network,1,11
80107108603,Oxley (ACT),Tuggeranong,Standard Suburban Network,2,21
80107108604,Oxley (ACT),Tuggeranong,Standard Suburban Network,2,12
80107108605,Oxley (ACT),Tuggeranong,Standard Suburban Network,2,16
80107108701,Richardson,Tuggeranong,High-Frequency Core Corridors,3,24
80107108702,Richardson,Tuggeranong,Standard Suburban Network,2,16
80107108703,Richardson,Tuggeranong,High-Frequency Core Corridors,3,14
80107108704,Richardson,Tuggeranong,High-Frequency Core Corridors,3,37
80107108705,Richardson,Tuggeranong,High-Frequency Core Corridors,3,17
80107108706,Richardson,Tuggeranong,High-Frequency Core Corridors,3,20
80107108707,Richardson,Tuggeranong,Standard Suburban Network,2,12
80107108801,Theodore,Tuggeranong,Standard Suburban Network,1,10
80107108802,Theodore,Tuggeranong,Standard Suburban Network,1,5
80107108803,Theodore,Tuggeranong,Standard Suburban Network,1,14
80107108804,Theodore,Tuggeranong,Standard Suburban Network,1,15
80107108805,Theodore,Tuggeranong,Standard Suburban Network,1,17
80107108806,Theodore,Tuggeranong,Standard Suburban Network,1,7
80107108807,Theodore,Tuggeranong,Standard Suburban Network,1,7
80107108808,Theodore,Tuggeranong,Standard Suburban Network,1,5
80107108809,Theodore,Tuggeranong,Standard Suburban Network,1,9
80107108810,Theodore,Tuggeranong,Standard Suburban Network,1,12
80107109001,Wanniassa,Tuggeranong,High-Frequency Core Corridors,2,10
80107109002,Wanniassa,Tuggeranong,High-Frequency Core Corridors,2,12
80107109003,Wanniassa,Tuggeranong,High-Frequency Core Corridors,3,21
80107109004,Wanniassa,Tuggeranong,High-Frequency Core Corridors,3,26
80107109005,Wanniassa,Tuggeranong,High-Frequency Core Corridors,3,35
80107109006,Wanniassa,Tuggeranong,Standard Suburban Network,1,11
80107109007,Wanniassa,Tuggeranong,High-Frequency Core Corridors,3,37
80107109008,Wanniassa,Tuggeranong,Standard Suburban Network,2,31
80107109009,Wanniassa,Tuggeranong,Standard Suburban Network,1,14
80107109010,Wanniassa,Tuggeranong,High-Frequency Core Corridors,2,20
80107109011,Wanniassa,Tuggeranong,High-Frequency Core Corridors,3,31
80107109012,Wanniassa,Tuggeranong,High-Frequency Core Corridors,3,24
80107109013,Wanniassa,Tuggeranong,High-Frequency Core Corridors,2,16
80107109014,Wanniassa,Tuggeranong,High-Frequency Core Corridors,2,14
80107109015,Wanniassa,Tuggeranong,Standard Suburban Network,1,8
80107109016,Wanniassa,Tuggeranong,Standard Suburban Network,1,10
80107109017,Wanniassa,Tuggeranong,High-Frequency Core Corridors,2,15
80107109018,Wanniassa,Tuggeranong,High-Frequency Core Corridors,2,26
80107109019,Wanniassa,Tuggeranong,High-Frequency Core Corridors,2,20
80107109020,Wanniassa,Tuggeranong,Standard Suburban Network,2,17
80107113201,Tuggeranong - West,Tuggeranong,High-Frequency Core Corridors,3,12
80107113202,Tuggeranong - West,Tuggeranong,Standard Suburban Network,1,2
80108109101,Chapman,Weston Creek,Frequent All-Week Services,2,16
80108109102,Chapman,Weston Creek,Standard Suburban Network,1,18
80108109103,Chapman,Weston Creek,Standard Suburban Network,1,21
80108109104,Chapman,Weston Creek,Standard Suburban Network,1,22
80108109105,Chapman,Weston Creek,Standard Suburban Network,1,10
80108109106,Chapman,Weston Creek,Standard Suburban Network,1,11
80108109107,Chapman,Weston Creek,Standard Suburban Network,1,14
80108109108,Chapman,Weston Creek,Standard Suburban Network,1,8
80108109201,Duffy,Weston Creek,Frequent All-Week Services,2,26
80108109202,Duffy,Weston Creek,Frequent All-Week Services,2,18
80108109203,Duffy,Weston Creek,Frequent All-Week Services,2,19
80108109204,Duffy,Weston Creek,Frequent All-Week Services,2,17
80108109205,Duffy,Weston Creek,Standard Suburban Network,1,18
80108109206,Duffy,Weston Creek,Standard Suburban Network,1,16
80108109207,Duffy,Weston Creek,Frequent All-Week Services,2,12
80108109208,Duffy,Weston Creek,Standard Suburban Network,1,12
80108109209,Duffy,Weston Creek,Frequent All-Week Services,2,25
80108109210,Duffy,Weston Creek,Frequent All-Week Services,2,12
80108109301,Fisher,Weston Creek,Standard Suburban Network,1,23
80108109302,Fisher,Weston Creek,Standard Suburban Network,1,14
80108109303,Fisher,Weston Creek,Standard Suburban Network,1,14
80108109304,Fisher,Weston Creek,Standard Suburban Network,1,17
80108109305,Fisher,Weston Creek,Standard Suburban Network,1,25
80108109306,Fisher,Weston Creek,Standard Suburban Network,1,8
80108109401,Holder,Weston Creek,Frequent All-Week Services,2,20
80108109402,Holder,Weston Creek,Frequent All-Week Services,2,19
80108109403,Holder,Weston Creek,Standard Suburban Network,1,20
80108109404,Holder,Weston Creek,Frequent All-Week Services,2,26
80108109405,Holder,Weston Creek,Frequent All-Week Services,2,29
80108109406,Holder,Weston Creek,Standard Suburban Network,1,20
80108109407,Holder,Weston Creek,Frequent All-Week Services,2,16
80108109501,Rivett,Weston Creek,Standard Suburban Network,1,22
80108109502,Rivett,Weston Creek,Standard Suburban Network,1,22
80108109503,Rivett,Weston Creek,Frequent All-Week Services,2,16
80108109504,Rivett,Weston Creek,Standard Suburban Network,1,21
80108109505,Rivett,Weston Creek,Frequent All-Week Services,2,17
80108109506,Rivett,Weston Creek,Standard Suburban Network,1,16
80108109507,Rivett,Weston Creek,Frequent All-Week Services,2,17
80108109508,Rivett,Weston Creek,Frequent All-Week Services,2,20
80108109509,Rivett,Weston Creek,Frequent All-Week Services,2,20
80108109601,Stirling,Weston Creek,Frequent All-Week Services,2,17
80108109602,Stirling,Weston Creek,Frequent All-Week Services,2,17
80108109603,Stirling,Weston Creek,Standard Suburban Network,1,23
80108109604,Stirling,Weston Creek,Standard Suburban Network,1,35
80108109605,Stirling,Weston Creek,Standard Suburban Network,1,22
80108109701,Waramanga,Weston Creek,Standard Suburban Network,1,26
80108109702,Waramanga,Weston Creek,Standard Suburban Network,1,17
80108109703,Waramanga,Weston Creek,Standard Suburban Network,1,17
80108109705,Waramanga,Weston Creek,Standard Suburban Network,1,18
80108109706,Waramanga,Weston Creek,Standard Suburban Network,1,11
80108109707,Waramanga,Weston Creek,Standard Suburban Network,1,13
80108109708,Waramanga,Weston Creek,Frequent All-Week Services,2,17
80108109801,Weston,Weston Creek,Frequent All-Week Services,2,25
80108109802,Weston,Weston Creek,Frequent All-Week Services,2,21
80108109804,Weston,Weston Creek,Frequent All-Week Services,2,13
80108109806,Weston,Weston Creek,Frequent All-Week Services,2,29
80108109807,Weston,Weston Creek,Frequent All-Week Services,2,21
80108109808,Weston,Weston Creek,Frequent All-Week Services,2,9
80108109809,Weston,Weston Creek,Frequent All-Week Services,2,20
80108109810,Weston,Weston Creek,Standard Suburban Network,1,12
80108109811,Weston,Weston Creek,Frequent All-Week Services,2,5
80108109812,Weston,Weston Creek,Frequent All-Week Services,2,9
80108109813,Weston,Weston Creek,Frequent All-Week Services,2,9
80108109814,Weston,Weston Creek,Frequent All-Week Services,2,18
80108113301,Scrivener,Weston Creek,Standard Suburban Network,1,2
80109109901,Chifley,Woden Valley,Standard Suburban Network,2,9
80109109902,Chifley,Woden Valley,No Service,0,1
80109109903,Chifley,Woden Valley,Standard Suburban Network,2,16
80109109904,Chifley,Woden Valley,Weekend Service Gap,1,8
80109109905,Chifley,Woden Valley,Standard Suburban Network,2,12
80109110001,Curtin,Woden Valley,Standard Suburban Network,1,11
80109110002,Curtin,Woden Valley,Standard Suburban Network,1,13
80109110003,Curtin,Woden Valley,Standard Suburban Network,1,17
80109110004,Curtin,Woden Valley,High-Frequency Core Corridors,3,14
80109110005,Curtin,Woden Valley,Standard Suburban Network,1,10
80109110006,Curtin,Woden Valley,High-Frequency Core Corridors,3,18
80109110007,Curtin,Woden Valley,Standard Suburban Network,1,13
80109110008,Curtin,Woden Valley,Standard Suburban Network,1,18
80109110010,Curtin,Woden Valley,Standard Suburban Network,1,10
80109110011,Curtin,Woden Valley,Standard Suburban Network,1,17
80109110012,Curtin,Woden Valley,Standard Suburban Network,1,17
80109110013,Curtin,Woden Valley,Standard Suburban Network,1,8
80109110014,Curtin,Woden Valley,Standard Suburban Network,1,11
80109110101,Farrer,Woden Valley,Weekend Service Gap,1,11
80109110102,Farrer,Woden Valley,Weekend Service Gap,1,8
80109110104,Farrer,Woden Valley,Weekend Service Gap,1,10
80109110105,Farrer,Woden Valley,Weekend Service Gap,1,19
80109110106,Farrer,Woden Valley,High-Frequency Core Corridors,3,16
80109110107,Farrer,Woden Valley,High-Frequency Core Corridors,3,20
80109110108,Farrer,Woden Valley,Weekend Service Gap,1,6
80109110109,Farrer,Woden Valley,Weekend Service Gap,1,8
80109110110,Farrer,Woden Valley,Weekend Service Gap,1,12
80109110201,Garran,Woden Valley,Standard Suburban Network,1,5
80109110202,Garran,Woden Valley,Frequent All-Week Services,3,21
80109110203,Garran,Woden Valley,Standard Suburban Network,1,10
80109110204,Garran,Woden Valley,Standard Suburban Network,1,2
80109110205,Garran,Woden Valley,Standard Suburban Network,1,11
80109110206,Garran,Woden Valley,Standard Suburban Network,1,15
80109110207,Garran,Woden Valley,Frequent All-Week Services,3,24
80109110209,Garran,Woden Valley,Standard Suburban Network,1,6
80109110210,Garran,Woden Valley,Frequent All-Week Services,3,21
80109110211,Garran,Woden Valley,Frequent All-Week Services,3,19
80109110301,Hughes,Woden Valley,Standard Suburban Network,1,8
80109110302,Hughes,Woden Valley,Standard Suburban Network,1,9
80109110303,Hughes,Woden Valley,Standard Suburban Network,1,7
80109110304,Hughes,Woden Valley,High-Frequency Core Corridors,2,11
80109110305,Hughes,Woden Valley,Standard Suburban Network,1,8
80109110306,Hughes,Woden Valley,High-Frequency Core Corridors,2,13
80109110307,Hughes,Woden Valley,Standard Suburban Network,1,13
80109110308,Hughes,Woden Valley,Standard Suburban Network,1,8
80109110401,Isaacs,Woden Valley,Weekend Service Gap,1,16
80109110402,Isaacs,Woden Valley,Weekend Service Gap,1,14
80109110403,Isaacs,Woden Valley,Weekend Service Gap,1,14
80109110404,Isaacs,Woden Valley,Weekend Service Gap,1,10
80109110405,Isaacs,Woden Valley,Weekend Service Gap,1,12
80109110406,Isaacs,Woden Valley,Weekend Service Gap,1,19
80109110501,Lyons (ACT),Woden Valley,Standard Suburban Network,2,16
80109110502,Lyons (ACT),Woden Valley,High-Frequency Core Corridors,3,20
80109110503,Lyons (ACT),Woden Valley,High-Frequency Core Corridors,3,15
80109110504,Lyons (ACT),Woden Valley,High-Frequency Core Corridors,3,12
80109110505,Lyons (ACT),Woden Valley,Standard Suburban Network,2,9
80109110506,Lyons (ACT),Woden Valley,Standard Suburban Network,2,13
80109110507,Lyons (ACT),Woden Valley,High-Frequency Core Corridors,3,8
80109110601,Mawson,Woden Valley,High-Frequency Core Corridors,3,16
80109110602,Mawson,Woden Valley,High-Frequency Core Corridors,3,13
80109110603,Mawson,Woden Valley,Weekend Service Gap,1,16
80109110604,Mawson,Woden Valley,Weekend Service Gap,1,13
80109110605,Mawson,Woden Valley,High-Frequency Core Corridors,3,25
80109110606,Mawson,Woden Valley,Weekend Service Gap,1,22
80109110607,Mawson,Woden Valley,Weekend Service Gap,1,19
80109110701,O'Malley,Woden Valley,Weekend Service Gap,1,13
80109110702,O'Malley,Woden Valley,Frequent All-Week Services,3,24
80109110801,Pearce,Woden Valley,High-Frequency Core Corridors,3,8
80109110802,Pearce,Woden Valley,Weekend Service Gap,1,8
80109110803,Pearce,Woden Valley,Weekend Service Gap,1,10
80109110804,Pearce,Woden Valley,High-Frequency Core Corridors,3,11
80109110805,Pearce,Woden Valley,Weekend Service Gap,1,8
80109110806,Pearce,Woden Valley,Weekend Service Gap,1,8
80109110807,Pearce,Woden Valley,High-Frequency Core Corridors,3,5
80109110901,Phillip,Woden Valley,High-Frequency Core Corridors,4,5
80109110904,Phillip,Woden Valley,High-Frequency Core Corridors,4,11
80109110905,Phillip,Woden Valley,High-Frequency Core Corridors,4,16
80109110907,Phillip,Woden Valley,Frequent All-Week Services,3,13
80109110908,Phillip,Woden Valley,Frequent All-Week Services,3,21
80109110910,Phillip,Woden Valley,High-Frequency Core Corridors,4,17
80109110913,Phillip,Woden Valley,High-Frequency Core Corridors,4,16
80109110915,Phillip,Woden Valley,High-Frequency Core Corridors,4,16
80109110916,Phillip,Woden Valley,High-Frequency Core Corridors,3,9
80109110917,Phillip,Woden Valley,High-Frequency Core Corridors,4,17
80109110918,Phillip,Woden Valley,High-Frequency Core Corridors,4,22
80109110919,Phillip,Woden Valley,High-Frequency Core Corridors,4,26
80109110920,Phillip,Woden Valley,High-Frequency Core Corridors,4,16
80109110921,Phillip,Woden Valley,High-Frequency Core Corridors,4,20
80109111001,Torrens,Woden Valley,High-Frequency Core Corridors,3,13
80109111002,Torrens,Woden Valley,High-Frequency Core Corridors,3,20
80109111003,Torrens,Woden Valley,Weekend Service Gap,1,11
80109111004,Torrens,Woden Valley,Weekend Service Gap,1,12
80109111005,Torrens,Woden Valley,Weekend Service Gap,1,8
80109111006,Torrens,Woden Valley,High-Frequency Core Corridors,3,5
80110113401,Arboretum,Molonglo,Standard Suburban Network,1,6
80110113505,Coombs,Molonglo,Frequent All-Week Services,2,10
80110113506,Coombs,Molonglo,Standard Suburban Network,1,6
80110113507,Coombs,Molonglo,Frequent All-Week Services,2,6
80110113508,Coombs,Molonglo,Frequent All-Week Services,2,16
80110113509,Coombs,Molonglo,Frequent All-Week Services,2,9
80110113510,Coombs,Molonglo,Frequent All-Week Services,2,6
80110113511,Coombs,Molonglo,Frequent All-Week Services,2,13
80110113512,Coombs,Molonglo,Frequent All-Week Services,2,6
80110113513,Coombs,Molonglo,Frequent All-Week Services,2,11
80110113514,Coombs,Molonglo,Frequent All-Week Services,2,8
80110113515,Coombs,Molonglo,Standard Suburban Network,1,6
80110113602,Denman Prospect,Molonglo,Frequent All-Week Services,3,13
80110113603,Denman Prospect,Molonglo,Frequent All-Week Services,3,9
80110113604,Denman Prospect,Molonglo,Frequent All-Week Services,3,5
80110113605,Denman Prospect,Molonglo,Frequent All-Week Services,3,9
80110113606,Denman Prospect,Molonglo,Frequent All-Week Services,3,14
80110113701,Molonglo,Molonglo,Frequent All-Week Services,3,7
80110113901,Wright,Molonglo,Frequent All-Week Services,3,8
80110113902,Wright,Molonglo,Frequent All-Week Services,2,12
80110113903,Wright,Molonglo,Frequent All-Week Services,2,7
80110113904,Wright,Molonglo,Frequent All-Week Services,2,8
80110113905,Wright,Molonglo,Frequent All-Week Services,2,8
80110113906,Wright,Molonglo,Standard Suburban Network,1,3
80110113907,Wright,Molonglo,Frequent All-Week Services,2,7
80110113908,Wright,Molonglo,Frequent All-Week Services,2,7
80110113909,Wright,Molonglo,Frequent All-Week Services,2,2
80110113910,Wright,Molonglo,Frequent All-Week Services,2,5
80110114501,Molonglo - East,Molonglo,Weekend Service Gap,1,4
80110114601,Whitlam,Molonglo,Weekend Service Gap,1,8
80111114001,ACT - South West,Uriarra - Namadgi,Frequent All-Week Services,2,22
80111114002,ACT - South West,Uriarra - Namadgi,No Service,0,1
80111114004,ACT - South West,Uriarra - Namadgi,No Service,0,1
80111114005,ACT - South West,Uriarra - Namadgi,No Service,0,1
80111114006,ACT - South West,Uriarra - Namadgi,No Service,0,1
80111114101,Namadgi,Uriarra - Namadgi,No Service,0,1
